2,1,0,0,7,24,0,0,0
3,1,4,120.98,5,29,1,0,0
1,1,0,0,0,1,1,0,0
3,1,2,58.49,0,23,0,0,0
1,1,2,265.96,6,18,0,0,0
3,1,1,129.98,2,22,0,0,0
1,1,1,170.97,5,20,1,0,0
2,0,4,55.99,4,17,1,0,0
2,0,3,62.49,0,1,1,0,0
4,0,0,0,5,2,1,0,0
1,0,0,0,2,1,0,0,0
1,0,4,67.99,7,20,0,0,0
5,1,8,125.98,7,18,1,0,0
1,0,1,66.99,4,7,0,0,0
1,1,2,105.98,4,5,0,0,0
1,1,1,68.49,2,19,0,0,0
2,0,0,0,0,8,0,0,0
1,0,0,0,2,18,0,0,0
4,1,7,49.99,2,16,0,0,0
1,0,0,0,2,21,0,0,0
1,0,3,151.98,5,12,1,0,0
1,1,2,55.99,7,15,0,0,0
4,0,0,0,6,8,1,0,0
1,0,1,127.98,5,11,0,0,0
3,1,2,56.49,2,20,0,0,0
2,1,3,68.99,2,5,0,0,0
1,1,0,0,2,19,0,0,0
2,0,2,197.97,7,17,0,0,0
1,1,0,0,7,19,0,0,0
2,0,4,73.99,0,12,0,0,0
3,0,3,51.99,2,14,0,1,51.99
1,1,3,71.99,1,8,0,0,0
2,1,1,97.98,4,9,0,0,0
1,0,0,0,1,21,0,0,0
1,0,2,51.99,6,22,1,0,0
2,1,0,0,1,24,1,0,0
1,0,4,59.99,0,1,1,0,0
3,0,3,88.98,7,9,0,0,0
2,0,0,0,7,14,0,0,0
3,0,7,50.99,2,13,0,0,0
3,0,6,62.99,1,25,0,1,62.99
1,1,9,77.98,7,15,0,0,0
3,1,1,55.99,5,12,0,0,0
1,0,0,0,1,4,0,0,0
1,0,0,0,4,21,1,0,0
1,1,0,0,6,11,0,0,0
2,1,1,54.49,1,9,0,0,0
1,1,0,0,4,14,0,0,0
3,0,0,0,2,14,1,0,0
1,1,2,182.97,5,22,0,0,0
2,0,0,0,5,4,1,0,0
4,1,0,0,0,16,1,0,0
2,1,0,0,6,12,0,0,0
3,0,1,59.99,5,10,0,0,0
1,0,0,0,2,7,0,0,0
1,1,6,65.99,6,12,0,0,0
4,1,5,55.99,4,18,0,0,0
2,0,2,56.49,7,17,1,0,0
3,0,0,0,5,19,0,0,0
1,1,4,76.99,1,14,0,0,0
4,0,9,65.49,5,10,0,0,0
1,1,3,60.99,0,21,1,0,0
5,1,9,49.49,3,25,1,1,39.592
5,1,6,73.49,4,8,0,0,0
1,1,0,0,4,9,1,0,0
1,1,2,143.98,5,15,1,0,0
1,1,0,0,1,9,0,0,0
4,0,2,77.99,0,15,0,0,0
1,1,3,49.99,1,17,0,0,0
2,0,9,107.98,6,9,1,1,53.99
2,0,0,0,5,26,0,0,0
3,1,8,94.98,2,11,0,2,75.984
3,0,3,48.99,6,18,0,0,0
1,0,1,115.98,4,12,0,0,0
1,0,2,50.99,0,3,0,0,0
3,1,0,0,2,10,1,0,0
3,1,0,0,7,21,0,0,0
2,1,6,47.99,1,7,0,0,0
3,0,0,0,2,11,1,0,0
1,0,4,59.99,2,22,0,0,0
3,0,3,64.99,5,20,1,0,0
4,1,4,52.49,4,10,1,0,0
1,1,0,0,1,6,1,0,0
3,0,3,66.49,2,3,1,0,0
3,1,3,65.49,5,8,1,0,0
1,0,3,54.99,5,19,0,0,0
3,1,3,113.98,4,11,1,0,0
2,0,1,82.49,5,18,0,0,0
1,1,0,0,1,21,0,0,0
3,0,0,0,6,22,0,0,0
3,0,2,58.99,0,17,1,0,0
1,1,1,100.98,5,12,0,0,0
1,1,0,0,1,22,0,0,0
1,1,2,59.99,2,3,0,0,0
2,1,3,68.99,3,3,0,0,0
2,0,0,0,1,21,1,0,0
2,0,0,0,5,24,0,0,0
1,1,1,53.99,5,4,0,0,0
2,0,3,54.99,0,19,0,0,0
2,0,0,0,2,12,0,0,0
1,1,4,63.99,4,16,1,1,51.192
2,1,3,61.99,6,9,0,0,0
3,1,0,0,7,21,1,0,0
3,1,0,0,0,18,0,0,0
1,0,1,63.99,2,13,0,0,0
3,1,1,77.49,4,6,1,0,0
1,1,1,66.49,5,5,1,0,0
2,0,0,0,6,16,0,0,0
1,0,1,173.97,0,14,0,0,0
1,0,3,124.98,7,5,1,0,0
2,0,0,0,1,1,0,0,0
1,0,1,73.99,0,6,0,0,0
3,1,2,50.99,1,23,0,0,0
2,0,0,0,4,21,1,1,42.99
1,1,1,49.99,4,6,0,0,0
1,0,0,0,0,12,1,0,0
2,0,0,0,5,12,0,0,0
3,1,1,70.49,0,16,0,0,0
2,1,1,63.99,2,2,0,0,0
3,0,0,0,7,11,1,0,0
1,0,1,133.98,3,7,0,0,0
2,1,1,54.99,1,9,1,1,43.992
1,0,1,74.49,1,12,0,0,0
3,1,2,339.96,6,18,0,0,0
4,1,0,0,2,1,1,1,40.792
3,0,0,0,0,28,0,0,0
1,0,2,52.49,0,2,0,0,0
2,1,1,132.98,5,15,0,0,0
3,0,1,51.49,5,13,0,0,0
3,0,0,0,2,7,1,0,0
1,0,0,0,6,24,0,0,0
3,0,0,0,6,24,0,0,0
3,0,5,61.49,5,16,0,0,0
3,0,3,53.99,6,25,0,0,0
4,1,3,131.97,4,1,0,0,0
5,0,5,60.99,0,10,0,0,0
3,0,2,63.49,6,24,0,0,0
1,1,1,64.49,0,5,1,0,0
1,1,0,0,6,17,0,0,0
1,1,5,66.99,0,16,0,0,0
2,1,6,59.99,4,1,1,0,0
2,1,9,61.49,2,20,0,0,0
2,0,1,67.99,5,1,1,0,0
2,1,2,54.49,4,1,0,0,0
1,0,2,125.98,5,10,0,0,0
4,0,4,86.98,5,6,0,0,0
1,0,2,265.96,5,7,0,0,0
3,0,0,0,6,2,0,0,0
4,1,2,161.97,5,5,0,0,0
1,1,1,179.97,3,9,0,0,0
1,1,6,77.99,6,5,1,0,0
2,0,0,0,1,12,0,0,0
2,1,5,60.99,3,9,0,0,0
3,0,4,78.99,4,14,0,0,0
5,0,5,63.99,0,23,1,1,63.99
2,0,0,0,6,5,1,0,0
1,0,9,54.99,5,13,0,0,0
1,0,2,118.98,0,22,1,0,0
3,0,0,0,1,20,0,0,0
3,1,0,0,0,9,1,0,0
1,0,2,67.49,1,20,0,0,0
1,0,0,0,3,4,0,0,0
3,1,2,197.97,1,19,1,0,0
3,1,1,68.49,5,22,0,0,0
1,1,4,75.99,4,25,0,0,0
2,0,3,89.98,7,17,0,0,0
2,1,1,54.49,4,17,0,1,43.592
1,0,1,64.49,1,16,0,0,0
2,1,2,58.99,0,15,1,2,94.384
2,0,2,103.98,4,8,0,0,0
2,0,0,0,7,4,0,0,0
4,1,12,50.49,5,10,0,1,40.392
1,0,1,125.98,5,15,0,0,0
1,1,4,45.99,1,17,1,1,36.792
3,1,1,55.99,3,17,0,0,0
1,1,0,0,3,27,0,0,0
1,1,4,99.98,4,16,0,0,0
2,1,8,61.99,0,3,0,1,49.592
3,0,0,0,2,12,0,0,0
3,0,2,49.49,2,30,0,0,0
1,0,0,0,0,2,0,0,0
3,1,0,0,2,26,0,0,0
1,0,1,51.99,7,12,0,0,0
3,1,4,48.99,6,23,0,0,0
1,1,2,113.98,1,18,0,0,0
3,1,0,0,4,3,0,0,0
3,1,12,173.98,3,16,0,2,139.184
3,0,3,125.98,5,12,0,0,0
1,0,1,65.99,0,19,1,0,0
3,0,0,0,0,23,0,0,0
2,1,4,115.98,0,14,1,1,46.392
3,1,17,164.97,5,16,0,1,43.992
2,0,1,62.49,1,2,0,0,0
3,0,3,56.99,3,16,0,1,56.99
3,0,1,61.49,3,4,0,0,0
1,1,0,0,4,6,0,0,0
2,0,0,0,1,4,0,0,0
1,0,0,0,0,7,0,0,0
1,0,12,61.49,3,14,0,1,61.49
3,0,0,0,1,15,0,0,0
3,1,0,0,0,4,0,0,0
3,0,4,180.98,1,16,0,0,0
1,0,0,0,1,17,0,0,0
1,0,7,68.99,2,9,1,2,137.98
2,1,4,45.49,0,15,0,0,0
2,0,2,182.97,6,10,1,0,0
4,0,7,57.49,4,15,0,0,0
1,0,2,117.98,5,25,1,0,0
3,1,3,178.47,0,13,1,0,0
4,1,3,59.99,2,9,1,0,0
1,1,2,247.96,6,1,0,0,0
2,0,3,65.99,1,14,0,0,0
5,0,7,66.99,3,37,0,0,0
1,0,0,0,7,20,0,0,0
1,1,3,115.98,7,13,1,0,0
2,0,9,63.49,4,21,0,0,0
1,0,1,203.97,0,11,0,0,0
1,0,0,0,3,9,0,0,0
1,0,0,0,0,5,0,0,0
2,0,3,110.98,5,19,0,0,0
1,0,0,0,5,13,1,0,0
2,1,0,0,0,20,0,1,55.592
1,1,0,0,1,23,1,0,0
1,1,2,47.49,7,23,0,0,0
4,0,2,135.98,4,10,0,0,0
2,1,0,0,7,9,0,0,0
1,0,3,64.99,6,15,1,0,0
3,0,1,65.99,6,18,0,0,0
1,1,3,51.99,1,7,1,0,0
3,0,1,124.98,0,1,1,0,0
3,1,1,82.98,1,16,0,0,0
1,0,1,62.99,4,15,0,0,0
3,0,2,80.99,3,15,0,0,0
1,0,0,0,4,16,0,0,0
1,0,2,65.99,5,23,0,0,0
3,1,2,70.99,6,24,1,0,0
3,1,0,0,3,11,0,0,0
2,1,0,0,0,2,0,0,0
3,1,1,62.99,5,10,0,0,0
3,0,1,39.99,7,21,1,0,0
1,0,3,59.99,5,13,0,0,0
2,1,4,48.99,0,17,1,1,39.192
3,0,1,68.49,0,15,0,0,0
1,0,0,0,2,17,0,0,0
3,1,1,52.49,4,16,1,1,41.992
3,0,0,0,4,3,0,0,0
1,1,1,122.98,7,18,0,0,0
3,1,0,0,1,12,0,0,0
4,1,3,48.49,2,28,0,0,0
1,1,1,131.98,2,19,0,0,0
1,0,3,63.99,6,15,0,0,0
1,0,0,0,1,3,0,1,81.99
3,1,0,0,0,17,0,0,0
1,0,2,81.98,4,23,1,0,0
2,1,0,0,5,10,1,1,67.592
1,0,2,105.98,2,2,1,0,0
1,1,2,69.49,4,10,1,0,0
1,1,1,55.99,5,1,1,0,0
1,0,0,0,2,3,1,0,0
3,0,0,0,6,25,0,0,0
3,1,0,0,3,11,1,0,0
3,0,1,65.99,0,17,1,0,0
1,1,0,0,4,18,0,0,0
5,1,2,61.99,1,8,0,0,0
1,1,1,43.99,1,8,1,1,35.192
1,1,1,111.98,4,6,0,0,0
2,1,4,86.99,1,17,0,0,0
4,1,2,70.49,0,13,0,0,0
2,1,4,37.49,6,10,0,0,0
3,1,5,66.99,3,18,0,0,0
1,1,1,47.99,2,3,0,0,0
1,1,1,127.98,7,16,0,0,0
3,0,1,101.98,2,23,0,0,0
2,0,3,83.99,1,21,0,0,0
1,1,1,61.49,7,17,0,0,0
3,0,1,123.98,2,8,0,1,61.99
1,1,0,0,7,22,1,0,0
2,1,0,0,5,10,0,0,0
3,1,1,82.99,4,22,1,1,66.392
3,1,3,48.99,0,19,0,0,0
3,1,0,0,5,11,0,0,0
1,0,0,0,3,14,0,0,0
1,0,3,105.98,3,17,0,0,0
2,0,1,43.99,2,21,0,0,0
2,1,6,56.49,3,1,1,1,45.192
1,0,2,67.49,4,13,1,0,0
1,0,1,62.99,5,14,0,0,0
2,1,2,61.99,3,17,0,0,0
4,1,1,65.99,5,10,0,0,0
1,1,0,0,3,21,0,0,0
3,1,1,69.99,4,13,1,0,0
3,0,5,112.98,6,4,0,0,0
1,0,0,0,7,18,0,0,0
2,0,8,51.99,0,14,0,0,0
1,1,0,0,3,13,0,0,0
3,1,0,0,0,23,1,0,0
1,1,5,128.98,4,18,0,0,0
1,0,1,169.47,0,16,0,0,0
1,1,3,80.49,1,12,1,0,0
1,0,0,0,3,11,1,0,0
2,0,1,75.99,6,3,0,0,0
1,0,1,54.99,7,1,0,0,0
1,0,0,0,1,17,0,0,0
2,0,2,55.49,2,18,0,0,0
2,0,1,66.99,1,12,0,0,0
2,0,5,61.99,2,3,1,0,0
1,0,3,71.49,1,4,0,0,0
1,1,5,117.98,4,14,0,0,0
3,0,0,0,2,18,1,0,0
2,0,0,0,4,18,0,0,0
1,0,1,49.49,6,22,0,0,0
3,1,2,53.99,0,17,0,0,0
1,0,3,70.49,5,10,0,0,0
1,0,3,60.99,0,6,0,0,0
1,0,5,61.99,1,16,0,0,0
3,1,0,0,2,24,0,0,0
3,1,0,0,3,16,0,0,0
1,1,4,70.99,3,8,1,0,0
1,1,1,73.99,5,11,1,0,0
3,0,0,0,3,29,0,0,0
3,0,1,67.49,4,14,0,0,0
2,1,8,66.49,6,21,0,1,53.192
3,1,0,0,4,20,0,0,0
5,1,1,51.99,5,6,0,0,0
1,1,0,0,4,14,0,0,0
3,0,1,65.98,6,8,0,0,0
3,1,0,0,4,25,0,0,0
1,0,0,0,3,12,0,0,0
2,1,2,147.98,4,26,0,0,0
1,1,0,0,5,14,0,0,0
3,1,4,57.99,6,29,0,0,0
2,1,0,0,4,7,1,0,0
2,0,1,134.97,5,21,0,0,0
3,0,2,76.99,4,5,0,0,0
2,0,0,0,3,24,0,0,0
3,1,0,0,4,24,0,0,0
1,1,0,0,3,2,0,0,0
3,0,0,0,6,4,1,0,0
3,1,1,71.99,5,21,0,0,0
1,1,2,149.98,5,17,0,0,0
3,1,0,0,4,14,0,0,0
1,1,1,58.99,4,23,1,0,0
2,1,4,185.97,1,17,0,0,0
1,1,2,69.99,6,14,1,0,0
1,0,0,0,5,2,0,0,0
2,0,3,68.99,2,16,0,0,0
1,0,3,71.99,0,7,1,0,0
1,0,0,0,7,22,0,0,0
1,1,1,53.99,4,10,0,0,0
3,0,0,0,2,6,0,0,0
2,0,0,0,4,16,1,0,0
1,0,0,0,4,26,0,0,0
3,1,1,46.99,6,22,0,0,0
1,1,2,257.96,4,4,1,0,0
1,0,3,155.97,4,17,0,1,51.99
1,1,6,69.99,3,10,0,0,0
1,0,0,0,5,2,0,0,0
1,1,3,52.49,4,2,0,0,0
3,0,3,58.49,0,15,0,0,0
2,0,1,60.49,4,13,1,1,60.49
1,1,1,71.49,4,17,0,0,0
1,0,0,0,3,14,0,0,0
3,0,4,88.98,4,22,0,0,0
3,1,0,0,1,11,0,0,0
2,0,1,71.99,4,16,0,0,0
3,0,1,120.98,2,18,1,0,0
1,0,0,0,5,7,0,0,0
3,0,3,84.99,0,6,0,0,0
1,1,2,116.98,1,4,0,0,0
3,0,0,0,0,9,0,0,0
2,1,2,63.99,2,18,0,1,51.192
1,1,3,155.97,5,9,1,0,0
3,0,2,43.99,7,15,0,0,0
3,1,2,65.49,2,23,0,0,0
2,1,0,0,7,8,1,0,0
1,1,1,69.49,4,2,0,0,0
2,1,4,78.99,2,4,0,0,0
1,1,2,58.99,6,3,0,0,0
3,0,0,0,2,15,0,0,0
1,0,2,57.49,2,17,1,0,0
1,0,4,167.97,6,5,0,0,0
3,0,0,0,7,20,0,0,0
2,0,8,69.99,2,22,0,0,0
2,1,3,129.98,1,15,0,1,51.992
1,1,11,37.99,2,11,1,1,30.392
1,1,0,0,6,20,1,0,0
1,1,1,119.97,1,12,0,0,0
3,1,1,147.98,4,20,0,0,0
3,0,0,0,0,8,0,0,0
1,0,1,115.98,5,13,0,0,0
3,1,2,69.99,0,17,1,0,0
1,0,4,63.49,3,3,0,0,0
3,0,1,219.96,2,11,0,0,0
1,0,1,62.49,2,7,0,0,0
2,0,0,0,5,19,0,0,0
3,0,1,59.99,3,5,0,0,0
1,1,4,48.49,2,6,0,0,0
1,0,6,58.99,4,23,0,0,0
4,0,4,44.99,6,3,0,0,0
3,0,0,0,5,14,0,0,0
3,0,0,0,0,13,0,0,0
3,1,2,66.99,7,10,1,0,0
3,0,0,0,2,21,0,0,0
1,1,2,49.49,0,17,0,0,0
2,1,2,37.49,0,8,0,1,29.992
1,1,1,64.99,0,18,0,0,0
3,1,4,57.99,6,1,0,0,0
2,0,0,0,0,2,0,0,0
5,1,1,78.99,5,4,0,0,0
4,0,1,76.99,5,14,0,0,0
1,1,1,59.99,0,20,0,0,0
2,1,5,53.99,6,20,0,0,0
4,0,0,0,5,16,1,1,46.49
1,1,8,109.98,7,2,1,1,43.992
1,0,1,67.49,6,2,1,0,0
2,1,0,0,0,23,0,0,0
1,0,3,57.99,2,20,0,0,0
1,1,0,0,0,7,1,0,0
4,1,1,73.49,0,19,0,0,0
3,1,0,0,1,20,0,0,0
3,1,3,46.99,0,15,0,0,0
1,0,0,0,1,17,1,0,0
3,1,0,0,4,9,1,0,0
3,1,3,69.49,4,19,0,1,55.592
2,1,3,126.98,2,18,1,0,0
1,1,0,0,4,2,0,0,0
2,1,0,0,2,3,1,0,0
1,1,0,0,7,15,0,0,0
1,0,1,61.49,1,19,0,0,0
1,1,2,54.99,4,12,0,0,0
2,1,4,70.49,0,23,1,2,112.784
1,0,3,95.98,6,20,0,0,0
2,0,4,149.98,5,21,0,0,0
1,0,4,149.98,5,11,0,1,74.99
5,1,0,0,2,6,1,0,0
1,0,2,62.49,4,7,0,0,0
2,0,1,65.99,6,9,0,0,0
1,1,1,48.99,1,15,0,0,0
3,0,0,0,4,16,1,0,0
1,1,0,0,2,18,0,0,0
1,1,3,215.97,4,15,0,1,57.592
1,1,2,63.99,0,5,0,0,0
1,0,4,54.99,1,21,1,0,0
1,1,5,47.99,0,1,0,0,0
1,1,2,84.99,4,14,0,0,0
3,1,2,265.96,5,26,0,0,0
1,0,4,79.99,0,10,1,0,0
3,1,1,56.49,1,22,0,0,0
3,1,8,188.97,6,21,0,1,50.392
2,1,1,47.49,3,3,1,0,0
1,1,2,69.99,3,22,0,0,0
3,0,1,50.49,0,25,0,0,0
1,1,0,0,4,12,0,0,0
3,1,1,32.99,2,15,0,0,0
3,0,0,0,6,15,1,0,0
1,1,0,0,4,4,1,0,0
3,0,0,0,0,16,1,0,0
1,0,4,69.99,3,15,0,0,0
1,0,3,38.49,4,19,0,0,0
2,1,4,54.99,0,1,0,0,0
3,0,0,0,5,18,0,0,0
1,1,1,205.96,0,5,1,1,41.192
3,0,0,0,0,5,1,1,54.99
3,0,0,0,4,13,0,0,0
1,1,0,0,6,7,0,0,0
2,0,3,173.97,5,22,1,0,0
2,0,3,36.99,4,12,0,0,0
1,1,1,129.98,6,7,0,0,0
5,0,2,65.99,0,20,1,0,0
2,0,0,0,1,10,0,0,0
1,0,0,0,4,26,0,0,0
3,1,4,52.99,1,17,0,0,0
1,1,0,0,1,25,0,0,0
3,1,0,0,0,16,0,0,0
3,0,5,60.49,4,21,0,0,0
1,1,5,67.49,4,24,0,0,0
2,1,0,0,1,2,0,0,0
2,1,2,206.97,2,24,0,0,0
3,1,5,48.99,4,8,1,0,0
1,0,6,227.97,6,1,1,1,75.99
3,1,4,97.98,4,16,0,1,39.192
3,0,4,42.99,3,9,0,0,0
2,1,6,40.99,5,24,0,0,0
2,1,1,149.98,2,1,0,0,0
3,0,3,132.98,1,18,0,0,0
4,0,3,197.97,0,11,0,0,0
1,0,0,0,7,11,1,0,0
3,0,0,0,7,24,0,0,0
3,0,0,0,2,15,0,0,0
1,1,0,0,6,1,1,0,0
1,1,0,0,4,8,1,0,0
1,1,0,0,2,23,1,0,0
1,0,1,59.99,1,20,0,0,0
3,0,5,67.99,4,7,0,1,67.99
3,0,0,0,4,12,0,0,0
3,1,0,0,1,15,0,0,0
2,0,1,56.99,3,11,0,0,0
1,1,7,101.98,5,9,0,0,0
1,0,0,0,5,22,0,0,0
1,0,7,67.99,4,22,0,0,0
3,0,10,60.49,0,12,0,1,60.49
2,1,0,0,4,18,0,0,0
3,1,0,0,2,2,0,0,0
4,0,2,125.98,0,14,0,0,0
2,1,6,49.99,7,10,0,0,0
3,1,0,0,5,14,0,0,0
3,0,0,0,6,26,0,0,0
1,1,0,0,4,7,1,0,0
3,0,2,120.98,5,1,0,0,0
3,1,1,179.97,4,8,0,0,0
2,1,7,135.98,0,5,1,2,108.784
2,1,0,0,4,24,0,0,0
3,1,2,56.49,1,15,0,0,0
3,1,2,66.99,0,20,1,3,160.776
2,0,0,0,4,11,0,0,0
3,0,3,54.49,0,20,0,0,0
3,0,0,0,0,14,0,0,0
2,0,4,60.99,4,19,1,0,0
2,0,6,106.98,5,18,0,1,53.49
2,0,1,74.99,1,7,1,0,0
3,0,2,121.98,5,16,1,0,0
1,0,1,53.99,6,11,0,0,0
5,1,2,66.49,2,10,0,0,0
3,1,0,0,1,13,0,0,0
3,1,7,101.98,0,20,1,1,40.792
2,1,3,56.99,1,17,0,0,0
5,0,2,48.49,7,16,1,0,0
1,1,0,0,5,14,1,0,0
1,1,2,123.98,4,21,0,0,0
1,0,9,54.99,5,18,0,0,0
2,0,0,0,5,8,0,0,0
1,1,0,0,0,20,0,0,0
3,0,5,123.98,1,7,0,0,0
3,1,0,0,4,4,0,0,0
1,0,0,0,1,26,0,0,0
1,0,1,125.98,0,6,1,0,0
1,0,5,46.49,6,10,0,0,0
4,0,14,90.98,1,3,0,2,90.98
3,0,2,60.99,2,16,0,0,0
1,1,1,57.99,0,14,0,0,0
1,0,7,283.96,2,5,1,1,70.99
3,1,2,59.99,0,17,0,1,47.992
4,1,0,0,4,5,1,0,0
3,0,1,35.99,0,19,1,0,0
1,1,4,57.49,0,21,0,0,0
1,0,0,0,0,20,0,0,0
2,0,0,0,3,13,1,0,0
1,1,0,0,1,21,0,0,0
1,0,2,65.99,0,2,1,0,0
2,0,0,0,5,5,1,0,0
1,1,1,111.98,5,13,0,0,0
3,0,2,61.49,6,15,0,0,0
3,0,2,52.99,6,14,0,0,0
1,1,6,64.49,4,5,0,0,0
2,0,5,56.99,2,7,0,0,0
2,0,3,121.98,0,2,1,1,60.99
3,0,0,0,4,11,0,0,0
1,1,0,0,0,18,1,0,0
1,1,2,194.97,5,7,1,0,0
1,0,0,0,5,17,0,0,0
1,0,0,0,3,12,0,0,0
2,1,0,0,1,22,0,0,0
1,1,0,0,6,10,0,0,0
2,0,2,145.98,1,18,1,0,0
3,0,2,58.99,2,17,0,1,58.99
1,0,10,263.96,5,23,0,0,0
1,0,2,63.49,5,24,0,0,0
2,1,3,141.98,6,2,1,0,0
1,0,1,110.98,4,12,0,0,0
3,1,6,61.99,4,21,0,0,0
2,1,2,51.99,7,2,0,0,0
3,1,0,0,6,19,0,0,0
1,0,0,0,4,19,0,0,0
2,0,2,74.99,1,15,0,1,74.99
3,0,0,0,4,21,1,0,0
3,1,1,65.99,4,14,0,0,0
3,1,0,0,3,20,1,2,103.984
3,0,0,0,4,13,0,0,0
3,1,1,67.49,1,7,0,0,0
2,0,0,0,1,26,0,0,0
2,0,0,0,5,23,0,0,0
2,0,1,109.98,4,4,0,0,0
4,1,0,0,4,12,0,0,0
1,0,0,0,3,10,0,0,0
2,1,0,0,7,26,0,0,0
3,0,3,156.98,4,22,0,0,0
1,1,0,0,0,18,0,0,0
1,1,2,37.49,4,18,0,0,0
2,1,0,0,4,16,1,0,0
1,0,2,55.99,6,6,1,0,0
1,0,1,50.99,6,1,0,0,0
1,1,0,0,1,17,0,0,0
1,0,1,295.96,0,16,1,0,0
1,0,1,164.98,4,1,0,0,0
3,1,1,119.98,3,18,0,0,0
2,0,2,98.98,0,2,0,0,0
3,1,0,0,4,18,0,0,0
1,0,2,165.98,0,8,0,0,0
2,0,2,72.49,5,3,1,0,0
3,1,0,0,5,11,1,0,0
1,0,1,71.99,3,12,1,0,0
2,0,0,0,6,1,0,0,0
1,1,1,67.99,7,14,0,0,0
3,0,1,52.49,2,17,0,0,0
2,0,1,61.99,1,12,0,0,0
1,0,0,0,0,16,0,0,0
2,0,4,72.99,0,21,0,0,0
2,1,0,0,4,7,1,1,46.392
3,0,6,49.99,4,23,0,1,49.99
3,0,2,48.99,7,16,0,0,0
2,1,0,0,7,10,1,0,0
1,1,0,0,4,16,0,0,0
2,0,2,141.98,5,17,0,0,0
1,0,3,116.98,4,18,1,0,0
2,0,0,0,1,1,1,0,0
2,1,2,57.49,3,24,0,0,0
4,1,8,59.99,4,2,0,0,0
2,0,5,58.99,4,12,1,1,58.99
3,1,0,0,6,4,0,0,0
4,0,0,0,0,7,1,0,0
2,0,0,0,7,20,0,0,0
3,0,5,73.99,4,13,0,0,0
3,0,7,53.99,0,17,1,0,0
1,1,0,0,5,12,1,0,0
3,0,0,0,1,2,0,0,0
1,1,1,52.49,6,23,0,0,0
1,0,1,56.99,7,20,0,0,0
1,0,0,0,5,9,1,0,0
2,0,1,59.99,2,25,1,1,59.99
2,0,2,115.98,5,9,0,0,0
1,0,0,0,5,7,0,0,0
1,1,6,47.49,6,3,0,0,0
2,1,4,50.49,1,22,0,0,0
1,0,0,0,0,13,0,0,0
1,1,7,143.98,4,9,0,0,0
1,1,0,0,1,30,0,0,0
4,1,5,125.98,0,18,1,2,100.784
1,0,0,0,2,16,0,0,0
3,0,0,0,4,20,0,0,0
2,0,0,0,3,29,0,0,0
3,1,3,78.49,4,11,0,0,0
2,0,0,0,4,4,0,0,0
1,0,8,133.98,1,12,1,1,66.99
1,1,0,0,1,28,0,0,0
1,0,0,0,4,17,0,0,0
3,0,0,0,1,8,1,0,0
1,0,1,66.99,1,3,1,0,0
3,0,1,48.49,5,13,0,0,0
3,0,2,58.49,1,16,1,1,58.49
1,0,0,0,1,16,0,0,0
4,1,0,0,7,18,0,1,40.792
3,0,4,63.99,0,24,1,1,63.99
1,0,1,63.99,5,16,1,0,0
1,0,5,53.99,0,34,0,0,0
3,0,5,61.99,5,17,0,0,0
3,1,3,100.98,5,22,0,0,0
3,1,1,72.99,2,27,0,0,0
1,0,4,62.99,0,12,0,1,62.99
4,1,0,0,4,1,0,0,0
3,0,1,149.98,1,22,0,1,74.99
1,1,0,0,2,14,1,0,0
3,1,1,90.98,5,15,0,0,0
1,1,0,0,6,2,0,0,0
1,0,0,0,0,16,1,0,0
1,1,1,56.99,1,3,1,0,0
1,0,0,0,5,21,1,0,0
1,0,6,147.98,0,29,0,0,0
2,1,0,0,1,7,0,0,0
1,0,1,43.99,5,6,0,0,0
1,1,5,65.49,1,3,1,2,104.784
3,0,0,0,4,8,0,0,0
1,1,5,185.96,6,28,0,1,37.192
2,1,2,191.97,5,8,0,0,0
4,0,0,0,6,8,1,0,0
2,1,0,0,5,13,1,0,0
2,0,0,0,1,2,0,0,0
3,1,1,75.99,6,19,0,0,0
1,1,1,117.98,3,21,0,0,0
3,1,3,46.49,4,22,0,0,0
3,1,1,49.99,1,23,0,0,0
3,0,0,0,1,8,1,0,0
2,1,3,46.99,0,18,1,1,37.592
4,0,0,0,0,16,0,0,0
3,1,1,86.99,1,14,0,0,0
1,0,7,127.98,1,10,0,0,0
3,1,0,0,0,22,0,0,0
1,1,1,64.99,5,10,0,0,0
4,0,8,64.99,3,1,1,0,0
3,0,3,203.97,0,10,1,0,0
1,1,0,0,1,19,0,0,0
1,0,1,81.99,4,14,0,0,0
1,1,1,76.99,2,1,0,0,0
4,0,2,113.98,0,16,1,0,0
3,0,1,169.47,0,24,0,0,0
2,1,0,0,4,15,1,0,0
1,0,3,46.99,4,23,0,0,0
2,0,17,64.99,6,20,0,1,64.99
3,0,8,62.99,6,13,1,0,0
1,0,0,0,2,15,1,0,0
2,1,2,57.99,6,18,0,0,0
3,1,0,0,1,23,0,1,62.792
1,0,0,0,1,21,0,0,0
4,1,1,59.49,4,13,0,0,0
1,0,1,80.99,6,1,1,0,0
1,1,0,0,3,21,0,0,0
2,1,1,73.99,2,16,0,0,0
1,1,3,52.49,2,8,1,0,0
3,1,6,52.99,1,17,0,1,42.392
2,1,1,66.99,4,10,1,0,0
3,0,1,69.99,7,15,0,0,0
1,0,2,67.99,6,13,1,0,0
1,1,4,74.99,0,28,1,0,0
3,1,1,53.99,7,20,0,0,0
1,0,0,0,1,16,1,1,51.49
3,1,2,78.99,6,10,1,0,0
2,0,5,52.99,5,13,0,0,0
2,0,1,70.49,3,16,0,0,0
3,0,1,81.49,1,21,0,0,0
1,1,3,61.99,4,3,0,0,0
3,0,6,164.97,6,12,1,1,54.99
3,0,1,74.49,6,15,0,0,0
1,1,0,0,3,17,0,0,0
3,0,0,0,5,23,0,0,0
3,1,0,0,1,17,0,0,0
2,1,1,88.98,6,5,0,0,0
1,0,1,68.99,1,22,1,0,0
1,0,0,0,4,18,0,0,0
1,0,1,73.99,0,26,1,0,0
1,1,0,0,6,13,1,0,0
2,1,4,44.99,1,12,0,1,35.992
3,0,1,44.49,0,15,0,0,0
1,0,0,0,0,14,0,0,0
5,0,3,47.49,1,10,1,0,0
2,0,9,72.99,2,13,1,3,218.97
1,1,4,58.99,4,20,1,0,0
2,0,1,107.98,1,14,0,0,0
3,1,6,59.99,5,20,0,0,0
3,1,10,143.98,7,11,0,1,57.592
3,0,0,0,0,5,1,0,0
1,1,0,0,3,23,1,0,0
1,0,1,62.99,0,6,0,0,0
1,1,2,53.49,0,8,0,0,0
1,0,0,0,4,30,0,0,0
2,0,0,0,0,9,1,0,0
2,0,2,57.99,7,24,1,0,0
3,1,0,0,7,18,0,0,0
3,0,2,126.98,4,25,1,0,0
1,0,1,47.99,7,18,0,0,0
2,0,1,63.99,0,18,0,0,0
3,1,1,66.99,4,21,0,0,0
1,1,0,0,7,3,0,0,0
1,0,6,141.98,3,11,1,1,70.99
2,1,0,0,4,13,0,1,51.992
2,0,1,28.99,7,10,0,0,0
3,0,3,71.49,5,6,1,0,0
3,0,0,0,5,22,0,0,0
1,0,3,161.98,7,2,0,0,0
1,0,0,0,7,12,0,0,0
1,0,0,0,6,18,0,0,0
1,1,0,0,2,2,0,0,0
3,1,2,67.99,4,7,0,0,0
1,1,0,0,0,17,0,0,0
2,0,3,151.47,0,4,1,0,0
1,1,0,0,5,1,1,0,0
1,1,7,50.49,0,13,0,0,0
3,1,2,203.97,1,19,0,0,0
4,0,4,66.99,6,7,0,0,0
1,1,5,64.49,1,1,0,0,0
4,0,0,0,0,18,0,0,0
2,1,1,75.99,1,22,0,0,0
4,0,0,0,3,16,1,0,0
1,0,1,52.99,5,18,0,0,0
2,0,0,0,7,19,0,0,0
3,0,3,65.49,0,15,0,0,0
2,1,0,0,0,8,1,0,0
1,0,0,0,5,19,0,0,0
3,1,12,117.98,7,14,0,0,0
3,0,4,75.49,1,13,0,0,0
3,1,0,0,1,2,1,2,107.184
1,0,0,0,5,17,0,0,0
3,1,3,63.99,5,11,0,0,0
3,0,0,0,4,9,0,0,0
1,1,0,0,6,15,0,0,0
2,1,0,0,1,4,0,0,0
2,0,1,145.98,5,23,0,0,0
2,0,5,167.98,5,16,0,0,0
4,0,2,78.49,1,2,0,0,0
1,1,1,64.99,7,28,0,0,0
3,0,3,71.49,0,13,1,1,71.49
1,0,5,63.99,6,7,0,0,0
2,1,6,74.49,0,6,1,0,0
3,0,6,56.49,2,18,0,1,56.49
2,1,0,0,2,11,0,0,0
2,1,1,48.99,5,14,1,0,0
2,0,2,49.99,0,8,0,1,49.99
2,1,1,107.98,0,8,0,0,0
1,0,3,109.98,5,3,1,0,0
1,1,0,0,0,11,0,0,0
3,1,1,76.49,1,19,0,1,61.192
2,0,0,0,0,8,1,0,0
3,0,0,0,2,18,0,0,0
1,1,1,67.99,1,10,1,1,54.392
3,0,1,46.49,2,16,0,0,0
1,1,1,58.49,0,15,0,0,0
1,0,0,0,5,17,1,0,0
3,1,4,103.98,7,17,0,0,0
2,0,0,0,0,19,0,1,56.99
1,1,1,47.99,2,5,1,0,0
1,0,12,55.99,3,12,0,0,0
2,0,1,50.99,3,16,0,0,0
3,1,6,79.49,0,2,1,3,190.776
3,1,3,164.97,3,20,1,0,0
3,1,1,54.99,3,2,0,0,0
1,0,1,51.99,4,25,0,1,51.99
1,1,1,70.49,6,17,0,0,0
1,1,1,47.49,1,14,1,0,0
3,0,0,0,6,12,1,0,0
1,0,0,0,4,13,0,0,0
1,1,1,91.98,6,9,1,0,0
1,1,2,56.49,1,16,0,1,45.192
1,0,1,52.99,7,20,0,0,0
2,1,0,0,1,4,1,0,0
1,1,4,55.99,4,4,0,0,0
1,0,5,63.99,6,17,0,0,0
1,1,2,58.49,0,5,0,0,0
4,0,1,64.99,0,13,0,0,0
5,0,1,69.49,4,8,0,0,0
1,1,4,53.99,5,16,0,0,0
3,0,0,0,5,20,0,0,0
3,0,1,185.97,6,18,1,0,0
2,1,2,56.49,4,3,1,0,0
1,1,2,61.99,6,4,1,0,0
5,1,13,49.99,5,2,1,0,0
1,0,1,68.99,1,9,0,0,0
1,0,1,53.99,6,19,0,0,0
3,1,7,69.49,3,1,0,0,0
3,0,0,0,7,9,0,0,0
3,1,0,0,1,22,0,0,0
1,1,9,74.99,4,18,1,2,119.984
3,0,4,59.99,1,10,1,1,59.99
4,0,7,100.98,5,2,0,1,50.49
2,1,10,129.98,6,16,1,1,51.992
3,1,4,140.98,2,18,0,0,0
1,1,0,0,6,3,0,0,0
1,0,1,69.49,0,15,0,0,0
1,0,2,68.99,3,4,1,1,68.99
1,0,1,152.97,6,19,0,0,0
1,1,2,71.49,2,18,0,0,0
3,0,4,73.99,1,17,0,0,0
1,1,2,67.99,3,27,0,0,0
2,0,2,52.49,0,4,1,0,0
1,0,3,68.49,3,23,0,0,0
3,0,4,133.98,3,14,0,0,0
2,1,4,66.99,1,13,0,0,0
3,1,3,72.49,5,16,0,1,57.992
3,0,4,62.49,7,18,0,0,0
1,0,3,63.99,6,6,0,0,0
1,1,5,77.99,1,5,1,0,0
2,0,2,74.49,6,1,1,0,0
2,0,8,79.99,4,22,0,1,79.99
2,0,2,47.99,0,11,0,0,0
4,1,3,56.99,4,22,0,1,45.592
2,0,0,0,3,1,0,0,0
3,1,0,0,7,17,0,0,0
3,0,0,0,4,17,0,0,0
2,1,0,0,1,20,0,1,47.992
3,1,2,43.49,4,13,0,0,0
3,0,1,53.99,2,12,1,0,0
3,0,0,0,0,15,0,0,0
2,0,2,135.98,1,7,1,0,0
3,1,1,157.98,6,13,1,1,63.192
2,0,2,54.99,2,8,0,1,54.99
4,0,1,51.99,0,7,0,0,0
2,1,0,0,4,2,1,0,0
1,0,1,99.98,4,24,0,0,0
1,1,1,199.96,1,26,0,0,0
1,1,4,79.49,0,10,0,0,0
1,0,2,55.99,3,1,0,0,0
1,1,2,63.99,0,16,1,0,0
1,1,2,87.98,5,15,0,0,0
3,0,1,152.97,2,15,0,1,50.99
1,1,3,164.97,6,8,0,0,0
2,0,0,0,1,2,1,0,0
3,0,0,0,4,2,0,0,0
2,0,0,0,0,21,1,1,79.49
3,0,1,38.49,3,5,0,0,0
3,1,8,65.49,2,17,0,3,157.176
5,0,2,133.98,3,12,0,0,0
5,1,0,0,6,3,1,1,59.992
3,0,0,0,5,5,0,0,0
3,1,4,65.99,1,15,0,0,0
1,1,0,0,7,14,0,0,0
1,1,1,61.49,6,15,0,0,0
1,1,0,0,0,7,1,0,0
2,0,1,61.99,1,2,1,0,0
2,1,5,75.99,0,13,0,0,0
2,1,2,56.49,4,19,0,0,0
1,1,0,0,3,6,0,0,0
3,0,0,0,5,18,1,0,0
1,1,2,74.99,6,17,0,0,0
3,1,1,62.49,4,20,0,0,0
3,1,0,0,7,4,1,0,0
3,0,1,49.99,0,20,0,0,0
3,1,0,0,1,4,1,0,0
1,0,0,0,2,9,0,0,0
1,0,0,0,5,11,0,0,0
2,1,0,0,4,11,0,0,0
1,0,5,113.98,5,7,0,0,0
3,0,0,0,4,13,0,0,0
3,0,1,145.98,5,12,1,0,0
3,1,3,64.99,2,14,0,0,0
1,0,11,71.49,2,11,1,1,71.49
1,0,0,0,7,20,0,0,0
1,1,2,64.99,2,9,1,0,0
1,0,2,64.99,1,15,0,0,0
3,1,1,63.99,6,15,0,0,0
1,1,0,0,3,19,1,0,0
4,1,1,65.49,4,21,0,0,0
1,0,0,0,5,5,0,0,0
1,0,2,133.98,3,19,0,0,0
1,1,1,58.49,0,1,0,0,0
3,0,4,63.99,1,19,0,0,0
2,1,3,54.49,7,20,1,1,43.592
2,0,5,55.49,1,22,1,0,0
3,1,3,148.98,2,20,0,0,0
1,0,1,65.99,1,5,1,0,0
3,0,1,58.49,6,22,0,0,0
2,1,2,56.49,0,11,1,0,0
1,1,5,53.49,2,21,0,0,0
3,0,2,158.97,1,17,0,0,0
2,1,4,54.99,6,18,0,0,0
4,1,1,61.49,1,18,0,0,0
2,0,9,74.99,1,17,0,1,74.99
5,0,0,0,6,1,1,0,0
3,0,2,69.99,2,23,1,0,0
3,0,0,0,4,22,0,0,0
2,0,0,0,5,10,1,0,0
1,0,1,55.49,1,3,0,0,0
2,1,0,0,4,1,1,0,0
1,0,2,53.99,5,3,0,0,0
3,1,3,64.49,7,25,0,0,0
1,0,1,54.99,2,16,0,0,0
1,1,2,52.99,2,25,1,1,42.392
4,1,8,55.99,4,4,0,0,0
2,0,2,48.49,5,5,0,0,0
5,0,1,206.97,5,6,0,0,0
1,0,0,0,5,11,0,0,0
2,0,0,0,0,16,0,0,0
1,0,1,56.99,2,15,0,0,0
1,0,0,0,5,12,0,0,0
1,1,6,72.49,6,2,0,0,0
3,0,7,159.98,0,14,0,0,0
3,0,2,60.99,4,24,0,0,0
3,0,0,0,6,2,1,0,0
2,0,2,119.98,2,1,0,0,0
1,1,0,0,6,8,0,0,0
3,0,1,128.98,2,18,1,1,64.49
2,0,0,0,1,1,1,1,34.99
1,1,8,47.49,6,18,0,0,0
1,1,0,0,0,22,0,0,0
3,1,0,0,1,8,0,0,0
1,1,2,85.98,5,26,0,0,0
5,0,1,75.99,0,18,0,0,0
2,0,0,0,4,14,0,0,0
2,1,2,69.49,5,18,0,0,0
1,0,1,57.99,1,22,0,0,0
4,1,2,63.99,5,4,0,0,0
4,1,0,0,6,19,0,0,0
1,1,0,0,0,6,0,0,0
1,1,0,0,7,1,0,0,0
3,0,2,63.99,5,15,1,0,0
2,1,0,0,6,2,1,0,0
3,0,2,46.99,7,19,1,0,0
3,1,5,53.99,0,14,0,0,0
1,0,1,75.49,3,4,1,0,0
3,0,3,133.98,4,12,0,0,0
3,0,1,55.49,0,22,0,0,0
1,1,0,0,1,19,0,0,0
1,1,0,0,4,13,1,0,0
3,1,1,122.98,1,15,0,0,0
2,1,0,0,1,10,0,0,0
4,1,2,64.99,4,11,0,0,0
1,1,2,203.97,0,7,1,0,0
1,0,2,133.98,2,19,0,0,0
3,0,2,199.47,0,11,0,0,0
3,0,3,139.98,2,6,0,0,0
4,1,1,67.49,7,4,1,0,0
5,1,2,52.99,6,30,0,0,0
2,0,0,0,0,13,0,0,0
2,1,1,74.99,5,16,1,0,0
1,0,3,70.99,0,2,1,0,0
3,1,4,59.99,6,9,0,0,0
1,1,0,0,1,15,0,0,0
1,1,0,0,1,17,0,0,0
3,1,0,0,1,20,0,0,0
3,1,5,67.49,7,19,0,0,0
3,1,13,50.99,4,14,0,0,0
4,0,3,51.99,6,1,0,0,0
3,0,4,136.98,3,15,1,0,0
1,1,3,65.49,5,20,0,0,0
1,1,2,78.49,5,14,0,0,0
1,0,0,0,1,23,1,0,0
1,0,4,113.98,2,4,0,0,0
1,0,1,126.98,3,15,0,0,0
1,1,0,0,2,14,0,0,0
1,1,0,0,2,11,1,0,0
1,0,2,123.98,5,8,0,0,0
1,1,0,0,4,2,1,0,0
3,0,0,0,3,19,0,0,0
3,0,3,263.96,3,17,1,0,0
1,1,1,72.99,0,2,1,0,0
3,1,1,53.49,2,8,1,1,42.792
1,1,0,0,4,19,0,0,0
1,1,9,67.99,2,21,0,1,54.392
3,1,7,118.98,1,25,0,1,47.592
1,1,1,46.49,7,4,1,0,0
1,1,2,121.98,0,1,0,0,0
2,1,1,84.99,5,3,0,0,0
3,1,2,147.98,4,17,0,0,0
2,1,2,143.98,6,3,1,0,0
3,1,0,0,3,14,0,0,0
1,1,0,0,1,13,0,0,0
1,0,2,64.49,2,5,0,0,0
2,1,1,46.99,0,14,0,0,0
2,1,5,59.49,4,15,1,2,95.184
1,0,5,70.99,4,17,1,0,0
3,1,11,131.98,0,21,0,2,105.584
3,1,3,57.49,1,21,0,0,0
1,1,2,299.96,1,21,0,0,0
1,0,6,34.99,7,13,0,0,0
1,1,1,155.97,1,20,0,0,0
1,1,4,58.99,2,13,0,0,0
3,0,0,0,5,10,1,0,0
1,1,2,108.98,6,13,1,0,0
3,0,0,0,2,16,0,0,0
3,0,4,125.98,4,11,0,0,0
4,0,1,51.99,3,1,1,0,0
1,0,0,0,3,13,1,0,0
2,0,1,40.49,1,17,1,0,0
2,1,5,53.49,5,2,0,0,0
3,0,1,53.49,4,23,0,0,0
1,1,4,39.99,4,17,0,0,0
1,1,1,56.99,2,19,0,0,0
3,0,0,0,1,20,0,0,0
1,1,0,0,2,16,1,0,0
1,0,11,98.98,6,27,0,0,0
1,0,6,47.99,1,6,0,0,0
1,0,1,81.98,0,20,0,0,0
5,0,8,127.98,1,14,0,0,0
1,0,2,47.49,1,13,0,0,0
2,1,12,57.49,1,8,1,1,45.992
3,1,3,179.97,2,21,0,0,0
2,0,2,66.99,4,4,0,0,0
1,0,0,0,6,11,1,0,0
2,0,1,52.99,2,2,0,0,0
1,0,0,0,4,12,0,0,0
4,1,1,95.98,5,10,1,0,0
1,1,1,63.99,6,12,0,0,0
1,1,0,0,5,22,1,1,51.992
1,1,0,0,1,11,0,0,0
1,0,1,61.49,1,18,0,0,0
1,0,2,72.49,4,12,1,0,0
1,0,4,62.49,3,18,0,0,0
3,1,5,123.98,1,24,1,5,247.96
3,0,3,130.98,6,16,1,1,65.49
3,0,2,73.99,5,18,0,0,0
2,0,0,0,7,9,0,0,0
3,1,0,0,3,22,0,0,0
2,0,0,0,0,12,0,0,0
1,1,3,75.99,5,11,0,0,0
1,0,0,0,6,2,0,0,0
3,0,0,0,6,13,1,0,0
2,0,0,0,5,26,0,0,0
1,0,1,62.99,1,8,0,0,0
2,0,2,58.99,4,2,0,0,0
1,1,0,0,7,3,0,0,0
3,0,2,51.49,0,26,1,0,0
1,1,3,113.98,5,10,0,0,0
1,0,9,54.99,3,11,1,1,54.99
3,1,2,54.99,4,23,0,0,0
1,1,1,42.99,1,12,0,0,0
2,1,5,209.97,1,13,0,0,0
1,0,0,0,0,12,0,0,0
1,0,1,138.98,7,22,0,0,0
1,1,0,0,5,26,0,0,0
1,1,2,47.99,4,10,0,0,0
3,1,5,58.99,4,3,0,0,0
1,1,2,55.49,5,12,0,1,44.392
1,1,3,47.49,7,13,1,1,37.992
5,0,0,0,1,25,0,1,42.99
2,0,3,53.99,0,12,0,0,0
1,1,1,61.49,6,13,0,0,0
1,1,5,63.99,6,16,0,0,0
1,0,4,60.99,1,1,1,0,0
3,0,8,127.98,5,13,1,1,63.99
1,0,3,70.49,5,19,1,0,0
1,1,0,0,0,14,0,0,0
3,1,4,59.99,3,15,1,1,47.992
1,1,2,61.99,4,4,0,0,0
3,0,1,59.99,2,18,0,0,0
1,0,0,0,4,3,0,0,0
1,1,7,40.49,1,7,1,0,0
3,0,1,97.98,4,13,0,0,0
2,0,16,62.99,6,19,1,1,62.99
2,0,5,64.49,1,4,1,0,0
1,0,3,112.98,1,10,0,0,0
4,1,7,61.49,2,8,0,0,0
3,1,1,147.98,2,19,0,0,0
4,0,1,64.99,4,3,0,0,0
1,0,0,0,6,1,1,0,0
1,0,1,144.98,5,3,1,0,0
2,1,0,0,1,16,0,0,0
4,0,2,102.98,4,8,0,0,0
3,0,0,0,6,12,1,0,0
3,1,1,62.99,1,8,0,0,0
3,0,1,54.49,2,15,0,0,0
1,0,0,0,1,3,0,0,0
3,0,2,70.99,0,21,0,0,0
1,1,6,64.49,4,19,0,0,0
1,1,0,0,1,1,0,0,0
3,1,0,0,6,15,1,0,0
1,1,3,277.96,4,12,0,0,0
1,1,1,97.98,7,3,0,0,0
4,0,5,76.99,4,17,0,1,76.99
1,1,5,117.98,6,16,0,0,0
1,0,0,0,3,29,0,0,0
2,0,0,0,6,19,0,0,0
3,0,7,50.99,1,20,0,0,0
3,1,4,45.99,4,16,0,0,0
3,0,0,0,6,23,0,0,0
3,1,1,56.99,0,15,0,0,0
3,1,1,65.99,4,15,0,0,0
1,0,0,0,0,10,0,0,0
2,0,1,199.47,4,21,0,0,0
1,0,1,52.99,1,15,1,0,0
1,1,0,0,3,7,0,0,0
1,0,1,60.99,0,6,0,0,0
1,0,0,0,6,18,0,0,0
4,0,3,64.99,2,4,0,0,0
3,0,2,43.99,5,22,0,0,0
1,1,5,89.98,1,13,1,0,0
3,0,6,90.99,0,11,1,0,0
4,0,0,0,3,8,1,0,0
2,1,7,135.98,4,3,0,1,54.392
2,1,0,0,1,4,0,0,0
3,0,0,0,0,4,0,0,0
3,1,1,76.49,4,25,0,0,0
1,0,1,247.96,7,15,1,0,0
2,0,5,50.99,2,8,1,0,0
4,0,5,64.99,6,29,0,0,0
1,0,0,0,3,18,1,0,0
1,0,1,72.49,7,2,0,0,0
2,0,0,0,0,24,0,0,0
1,0,3,52.49,4,15,0,0,0
3,0,3,49.99,3,12,0,0,0
2,0,1,52.99,2,6,0,0,0
2,1,2,111.98,0,20,1,1,44.792
1,1,1,64.49,5,17,0,0,0
3,1,0,0,3,16,0,0,0
2,0,1,42.99,7,20,0,0,0
1,1,0,0,1,14,0,0,0
3,1,1,49.99,0,21,0,0,0
1,1,0,0,7,3,1,0,0
3,0,0,0,7,24,0,0,0
3,1,3,190.47,2,5,0,0,0
1,0,4,111.98,2,10,0,0,0
2,1,2,57.99,6,13,1,0,0
3,0,1,53.49,7,2,1,0,0
1,1,1,119.98,7,15,0,1,47.992
1,0,3,61.99,3,5,1,0,0
5,0,3,60.49,2,12,1,0,0
4,0,0,0,5,18,1,0,0
1,0,1,115.98,4,3,0,0,0
1,1,2,55.99,7,1,1,0,0
1,1,0,0,2,9,1,0,0
2,1,1,47.49,0,24,1,1,37.992
3,1,0,0,1,20,1,0,0
5,1,4,64.99,2,5,0,1,51.992
3,1,1,148.98,5,11,1,1,59.592
1,0,1,54.99,2,1,1,0,0
3,0,1,129.98,1,6,0,0,0
2,0,0,0,1,29,1,0,0
3,1,3,64.49,1,21,0,0,0
1,1,2,41.99,1,15,0,0,0
5,0,7,48.99,2,21,1,2,97.98
3,1,0,0,2,18,0,0,0
1,1,3,57.99,4,20,0,0,0
2,0,4,67.99,7,22,0,0,0
1,1,0,0,6,20,1,0,0
5,1,9,129.98,1,3,1,1,51.992
3,0,1,65.99,4,15,0,0,0
4,1,0,0,1,10,1,1,56.392
1,1,0,0,1,14,1,0,0
3,0,6,75.99,5,8,0,0,0
3,0,2,96.98,6,27,0,0,0
2,0,1,75.99,2,25,0,0,0
1,0,1,47.99,4,16,1,0,0
2,1,3,74.49,2,7,0,0,0
2,0,8,64.49,4,7,0,0,0
1,1,0,0,5,6,0,0,0
4,0,0,0,4,1,1,0,0
4,1,0,0,0,20,1,0,0
3,0,1,143.98,2,24,0,1,71.99
1,0,1,59.99,5,15,1,0,0
1,1,5,45.49,5,3,1,0,0
1,0,1,45.99,0,14,0,0,0
1,0,2,59.49,3,17,0,0,0
2,0,1,113.98,1,14,0,0,0
2,1,0,0,7,32,0,0,0
1,0,1,69.99,1,26,1,0,0
5,0,0,0,5,24,0,0,0
1,1,6,60.49,2,14,0,0,0
1,0,6,51.99,0,13,0,0,0
1,0,3,60.49,1,11,0,0,0
4,0,3,86.99,6,11,1,0,0
1,1,9,42.99,5,13,0,0,0
1,0,1,61.99,7,13,0,0,0
1,0,1,51.99,5,11,1,0,0
4,0,1,71.99,0,25,0,0,0
1,0,2,64.99,0,19,0,0,0
5,1,3,66.49,4,14,0,0,0
2,0,1,48.99,1,7,1,1,48.99
3,0,2,71.49,2,17,1,1,71.49
1,0,2,115.98,5,12,0,0,0
3,0,0,0,0,16,1,0,0
1,0,0,0,4,18,1,0,0
3,0,0,0,6,17,1,0,0
1,1,3,113.98,0,12,0,0,0
1,0,3,79.99,1,17,0,0,0
3,0,0,0,1,6,0,0,0
3,1,4,128.98,1,13,0,0,0
3,0,1,58.99,1,16,0,0,0
1,0,2,123.98,4,18,1,1,61.99
1,0,1,61.99,4,5,0,0,0
4,0,8,123.98,4,12,0,0,0
1,1,0,0,5,6,0,0,0
3,0,0,0,1,13,0,0,0
1,0,0,0,0,3,1,0,0
1,1,3,139.98,5,18,1,0,0
3,0,2,73.49,4,6,0,0,0
1,1,1,53.49,5,1,1,0,0
2,1,1,67.99,0,15,1,0,0
3,0,0,0,7,15,1,0,0
3,0,3,36.99,4,23,0,0,0
1,0,2,203.97,0,14,0,0,0
1,0,1,62.99,0,12,1,0,0
1,1,1,70.99,1,16,0,0,0
1,0,2,43.49,1,9,1,0,0
3,1,0,0,5,15,0,0,0
2,1,1,64.99,4,15,0,0,0
3,0,0,0,0,17,0,0,0
2,1,4,71.99,2,1,0,1,57.592
2,0,0,0,4,14,0,0,0
3,1,1,138.98,1,13,1,0,0
2,0,0,0,5,10,0,0,0
3,1,0,0,3,14,0,0,0
3,1,1,79.99,7,14,0,0,0
2,1,0,0,2,21,0,0,0
2,0,1,361.96,1,16,0,0,0
2,0,1,87.98,1,7,0,0,0
1,0,2,41.99,2,3,0,0,0
2,1,0,0,2,23,0,1,52.792
1,1,0,0,4,24,1,0,0
1,1,2,76.99,1,3,1,0,0
2,1,12,69.49,2,18,1,2,111.184
4,1,0,0,3,14,0,0,0
1,0,0,0,2,24,0,0,0
1,0,0,0,1,16,0,0,0
3,1,1,188.97,6,6,1,0,0
2,1,0,0,0,7,1,1,57.592
2,1,0,0,4,13,1,1,30.792
1,0,0,0,7,7,0,0,0
1,1,2,165.98,0,20,0,1,66.392
1,0,0,0,4,3,1,0,0
1,0,4,46.99,0,18,0,0,0
1,0,0,0,4,25,0,0,0
5,0,2,68.49,3,29,1,0,0
3,0,1,51.99,2,20,0,0,0
2,0,0,0,5,24,0,0,0
1,0,1,263.96,5,5,1,0,0
3,0,1,61.99,1,14,1,0,0
1,1,2,51.99,1,9,1,0,0
3,0,1,54.49,7,22,0,0,0
1,0,0,0,4,4,1,0,0
2,1,5,62.99,5,17,1,0,0
3,1,5,48.99,4,14,0,0,0
1,1,0,0,6,17,1,0,0
2,0,2,81.99,6,2,0,0,0
1,1,1,239.96,0,11,0,0,0
3,1,2,137.98,1,10,0,0,0
1,1,7,70.99,5,1,0,0,0
1,0,3,70.99,5,16,0,0,0
2,1,0,0,4,16,0,0,0
3,0,5,66.99,5,5,1,1,66.99
1,1,0,0,0,14,0,0,0
1,0,2,135.98,3,2,0,0,0
1,0,7,62.99,0,1,0,0,0
3,1,5,53.99,1,10,1,0,0
3,1,0,0,6,14,1,0,0
3,0,0,0,0,13,0,1,50.99
3,0,8,200.97,2,8,0,1,66.99
3,0,1,70.99,0,8,0,0,0
1,1,9,55.99,2,22,0,0,0
2,0,3,71.99,3,5,0,0,0
1,0,0,0,4,10,1,0,0
2,1,6,72.99,4,16,1,2,116.784
1,0,0,0,0,21,0,0,0
1,1,0,0,5,15,1,0,0
3,1,4,105.98,6,22,0,0,0
3,0,1,46.99,0,2,0,0,0
3,1,2,112.98,5,24,1,0,0
2,0,0,0,5,8,0,0,0
1,1,0,0,1,10,1,0,0
3,1,5,57.99,0,20,0,0,0
3,0,2,132.98,5,14,0,0,0
1,1,0,0,4,10,0,0,0
1,1,0,0,6,18,0,0,0
3,0,0,0,7,18,0,0,0
3,0,2,62.99,7,21,1,0,0
1,1,1,125.98,4,18,1,0,0
1,1,3,188.97,1,12,0,0,0
1,1,2,61.99,4,19,0,0,0
3,0,0,0,5,22,1,0,0
2,1,2,62.99,1,3,0,0,0
1,0,3,69.99,0,5,0,0,0
1,1,6,99.49,2,13,0,0,0
4,0,1,60.99,6,9,1,0,0
3,0,1,43.99,5,20,0,0,0
2,0,3,61.99,7,7,1,0,0
1,1,1,123.98,1,6,1,0,0
1,0,0,0,0,1,0,0,0
2,1,6,39.99,7,10,0,0,0
1,1,2,70.99,5,4,0,0,0
1,0,2,37.99,4,21,0,0,0
1,1,1,61.99,5,12,0,0,0
1,0,2,69.49,3,13,0,0,0
1,1,4,60.99,5,10,1,0,0
1,0,0,0,6,9,0,0,0
1,1,2,74.99,0,25,0,0,0
3,0,3,63.49,0,19,0,1,63.49
2,0,2,147.98,2,1,0,0,0
1,1,0,0,4,11,0,0,0
3,0,2,53.99,2,14,0,0,0
3,1,3,47.99,4,3,1,0,0
3,1,0,0,0,20,1,1,62.392
1,0,0,0,5,19,1,0,0
2,0,5,124.47,0,24,0,0,0
3,0,2,60.99,6,17,0,0,0
1,0,1,55.99,6,23,0,0,0
1,1,0,0,5,11,1,0,0
3,1,1,50.99,4,26,0,0,0
4,0,1,127.98,4,7,0,0,0
3,0,6,155.98,2,18,0,1,77.99
1,0,1,203.97,6,11,1,0,0
1,0,0,0,2,2,0,0,0
3,1,4,200.97,5,24,0,0,0
1,1,1,68.99,4,23,0,0,0
2,1,4,66.49,5,12,0,0,0
5,1,0,0,5,16,0,0,0
3,1,2,221.97,6,8,1,0,0
3,0,0,0,4,9,0,0,0
1,0,0,0,1,4,0,0,0
2,0,4,170.97,5,5,0,0,0
2,1,1,64.99,5,23,0,1,51.992
3,0,3,57.49,2,9,0,0,0
4,1,7,135.98,6,13,0,2,108.784
2,1,0,0,2,18,0,0,0
1,1,2,105.98,6,25,1,0,0
3,1,1,69.49,2,16,0,0,0
2,1,3,63.99,0,14,1,0,0
1,1,0,0,2,6,0,0,0
3,1,0,0,6,7,0,0,0
3,1,2,68.99,3,9,0,0,0
1,1,6,67.99,6,20,1,1,54.392
3,0,5,64.49,6,12,0,0,0
5,0,0,0,0,4,1,0,0
4,0,0,0,3,17,1,0,0
1,0,8,103.98,0,9,0,1,51.99
3,1,1,69.99,7,15,1,0,0
1,1,0,0,1,18,0,0,0
3,0,1,53.49,4,17,0,0,0
2,1,1,62.99,1,9,0,0,0
1,0,1,159.96,3,10,0,0,0
3,0,0,0,7,16,0,0,0
3,0,5,68.49,2,12,0,0,0
3,1,4,66.49,4,1,1,2,106.384
1,0,0,0,3,7,0,0,0
1,1,2,99.98,7,15,0,0,0
3,1,1,53.99,7,12,0,0,0
1,1,1,59.99,2,13,0,0,0
2,1,3,85.49,1,19,0,0,0
5,1,7,66.99,5,17,0,0,0
2,1,3,78.99,1,10,0,0,0
1,1,0,0,6,24,0,0,0
5,1,2,54.99,0,21,0,0,0
3,0,0,0,3,4,0,0,0
3,0,1,45.99,1,25,0,0,0
1,0,2,69.99,5,12,0,0,0
3,0,0,0,2,10,0,0,0
3,0,4,66.99,1,2,0,0,0
3,0,0,0,6,2,1,0,0
3,0,0,0,5,26,0,0,0
3,1,1,43.99,2,20,0,0,0
4,0,3,64.99,2,4,0,1,64.99
2,1,3,65.99,7,8,1,0,0
1,0,1,40.99,7,14,0,0,0
1,0,4,53.99,5,11,0,0,0
1,0,3,57.49,5,16,1,0,0
3,1,7,107.98,6,35,1,1,43.192
3,1,2,61.99,0,18,0,0,0
3,1,0,0,1,13,0,0,0
1,1,0,0,3,18,0,0,0
2,0,0,0,5,15,0,0,0
2,1,4,145.47,4,18,0,1,38.792
1,1,0,0,1,22,1,0,0
1,1,2,66.99,4,19,0,0,0
1,0,1,116.98,6,2,0,0,0
1,0,0,0,0,9,0,0,0
3,0,0,0,6,22,1,0,0
2,0,1,59.99,0,7,0,1,59.99
4,0,4,69.49,4,3,1,0,0
3,1,3,130.98,4,8,1,0,0
1,0,2,52.99,1,23,0,0,0
3,0,0,0,6,12,0,0,0
1,1,2,61.99,5,15,0,0,0
3,1,2,54.99,4,22,0,0,0
2,1,1,53.99,2,18,0,0,0
2,0,5,74.49,2,5,1,0,0
1,1,3,139.98,6,20,1,0,0
2,1,2,119.98,4,19,0,0,0
3,0,2,289.96,0,20,0,0,0
1,0,4,75.99,1,16,0,0,0
2,0,0,0,3,7,1,0,0
1,1,0,0,1,9,0,0,0
2,1,4,58.99,1,9,0,0,0
1,0,1,39.99,6,11,0,0,0
2,0,0,0,5,1,1,0,0
1,0,0,0,5,16,0,0,0
1,0,7,55.99,1,24,0,0,0
2,1,2,56.99,1,2,1,1,45.592
1,0,0,0,7,20,0,0,0
2,0,3,50.99,6,16,0,0,0
1,1,2,63.99,0,8,1,0,0
3,1,1,163.98,6,26,0,0,0
1,0,0,0,5,27,0,0,0
1,0,2,39.99,0,15,0,0,0
1,1,0,0,7,11,1,0,0
2,1,8,160.98,2,20,1,0,0
1,0,3,291.96,4,19,0,0,0
1,1,1,70.49,2,19,0,0,0
3,0,3,77.99,5,9,0,0,0
2,0,4,75.99,1,5,1,1,75.99
1,0,0,0,5,7,1,0,0
1,0,2,56.99,5,14,0,0,0
3,0,2,44.99,0,16,1,0,0
1,0,0,0,1,19,0,0,0
1,1,9,121.98,6,4,1,0,0
5,1,1,65.99,7,19,0,0,0
2,1,3,167.96,6,16,0,0,0
1,1,6,219.96,5,23,0,0,0
3,1,0,0,2,18,0,0,0
5,1,0,0,0,7,0,0,0
2,0,3,59.49,4,23,0,0,0
3,0,0,0,5,11,0,0,0
2,0,3,61.49,6,3,0,0,0
1,0,0,0,4,16,1,0,0
3,1,0,0,3,10,0,0,0
2,1,1,64.99,5,11,1,0,0
1,0,2,74.99,5,20,0,0,0
1,0,5,54.49,5,9,1,0,0
3,1,4,53.49,2,12,0,0,0
4,1,5,48.99,1,4,1,3,117.576
2,1,1,52.99,1,18,1,0,0
1,0,7,68.99,4,2,1,0,0
1,1,6,58.49,3,2,0,0,0
1,0,0,0,1,13,1,0,0
2,1,4,61.99,0,7,0,0,0
3,0,0,0,6,22,0,1,63.99
3,1,4,55.49,5,21,0,0,0
3,1,8,43.49,3,13,0,1,34.792
1,1,2,215.97,7,17,1,0,0
3,1,1,68.49,2,16,0,0,0
1,0,1,69.49,7,18,1,0,0
1,0,1,109.98,0,2,1,1,54.99
3,0,2,47.49,7,25,0,0,0
1,1,2,164.97,4,27,0,0,0
3,1,0,0,5,19,0,0,0
2,1,3,138.98,1,2,1,1,55.592
1,1,1,50.49,1,3,0,0,0
4,0,0,0,3,7,1,2,159.98
3,1,2,51.49,0,9,0,1,41.192
2,0,3,61.99,5,10,0,0,0
5,1,2,65.99,4,3,0,0,0
1,1,4,87.99,5,10,0,0,0
1,0,7,63.99,3,18,0,0,0
3,0,0,0,5,15,0,0,0
1,0,7,101.98,0,14,1,0,0
3,0,0,0,4,17,0,0,0
1,1,7,49.99,1,21,1,1,39.992
3,0,1,215.97,3,17,0,0,0
1,0,1,123.98,0,18,1,0,0
5,1,0,0,7,16,0,0,0
2,1,6,66.99,4,3,0,0,0
3,0,1,75.99,7,14,0,0,0
1,1,0,0,7,25,0,0,0
3,0,3,251.97,0,8,0,1,83.99
2,0,2,67.99,4,17,0,0,0
4,1,1,41.99,2,1,0,0,0
1,0,1,125.98,7,13,0,0,0
1,0,3,64.99,5,6,0,0,0
2,1,1,108.98,2,10,0,1,43.592
2,1,1,72.99,4,13,0,0,0
1,1,5,72.49,4,22,0,0,0
2,0,0,0,4,25,0,0,0
2,1,1,164.97,6,3,0,0,0
2,1,2,60.49,6,3,1,0,0
3,1,1,145.98,2,16,0,0,0
3,1,1,129.98,5,12,1,0,0
1,0,3,153.98,6,1,0,0,0
3,0,0,0,5,5,1,0,0
5,0,2,72.99,4,12,0,0,0
1,0,0,0,6,17,0,0,0
3,0,6,67.49,5,13,0,0,0
1,1,0,0,1,2,1,0,0
3,1,0,0,1,16,0,0,0
1,0,6,36.99,5,3,1,1,36.99
3,0,2,66.49,4,1,0,0,0
4,1,3,58.49,5,22,0,1,46.792
1,1,4,45.99,5,1,0,0,0
2,0,1,54.99,2,11,0,0,0
1,0,1,62.49,0,9,0,0,0
2,0,4,67.99,4,4,0,0,0
3,1,0,0,1,11,0,0,0
3,0,5,133.98,5,17,0,0,0
3,1,0,0,3,17,0,0,0
1,0,0,0,6,16,1,0,0
2,1,1,124.47,2,13,0,0,0
2,0,0,0,1,7,0,0,0
4,1,1,170.97,5,12,0,0,0
1,1,6,44.49,5,4,0,0,0
2,1,1,134.97,1,11,0,0,0
5,0,2,60.99,5,15,1,0,0
1,0,4,85.99,1,14,0,0,0
3,0,0,0,4,17,0,0,0
1,0,8,59.49,1,10,1,2,118.98
2,1,2,54.99,4,2,0,1,43.992
1,0,0,0,5,5,1,0,0
3,1,2,67.49,2,20,0,2,107.984
2,1,1,58.99,2,2,0,0,0
1,0,1,70.99,2,23,1,0,0
1,1,4,52.99,5,23,0,0,0
1,1,1,115.98,2,8,1,0,0
3,0,4,70.99,7,20,1,0,0
1,1,1,52.99,2,9,0,0,0
1,1,0,0,1,17,0,0,0
1,0,0,0,5,9,0,0,0
1,1,2,119.98,1,20,0,0,0
1,1,1,82.99,5,10,1,0,0
1,0,3,55.99,0,12,0,0,0
3,1,0,0,0,13,0,0,0
1,1,1,52.99,2,1,0,0,0
5,0,0,0,5,21,0,0,0
3,0,1,128.98,1,25,0,0,0
1,1,2,128.98,1,25,0,0,0
2,1,0,0,1,15,0,0,0
1,1,2,49.99,6,8,1,0,0
1,0,0,0,1,12,0,0,0
1,1,4,129.98,6,21,0,0,0
3,0,4,74.99,3,19,1,0,0
1,1,2,59.49,1,21,0,0,0
3,0,0,0,0,28,0,0,0
3,0,1,72.99,5,21,0,0,0
1,0,8,63.99,7,22,1,0,0
5,0,1,54.49,5,17,0,0,0
2,1,13,63.99,3,15,0,2,102.384
3,0,2,135.98,7,14,1,0,0
1,1,1,66.99,0,16,0,0,0
3,1,0,0,5,15,1,0,0
1,0,3,191.96,5,13,0,0,0
4,0,0,0,6,23,0,0,0
2,1,1,59.99,0,10,1,0,0
1,1,1,52.99,5,25,0,0,0
3,1,8,159.98,2,20,0,1,63.992
1,0,3,73.99,0,7,0,0,0
1,1,0,0,0,25,0,0,0
4,0,3,50.99,1,10,0,0,0
1,0,3,71.49,1,8,0,0,0
1,0,1,151.98,4,2,1,0,0
1,1,5,51.99,5,16,1,0,0
1,0,0,0,4,16,0,0,0
1,0,0,0,5,13,0,0,0
1,0,2,67.99,4,17,0,0,0
3,1,3,66.99,5,9,0,0,0
3,1,5,61.99,6,22,1,0,0
3,0,3,51.49,3,9,0,0,0
5,1,1,61.99,1,19,1,0,0
3,1,1,61.99,3,23,0,0,0
4,1,0,0,1,16,0,0,0
1,0,1,73.99,2,4,1,0,0
2,1,0,0,6,11,1,0,0
1,0,0,0,1,19,0,0,0
4,0,0,0,3,5,0,0,0
3,1,0,0,2,25,0,0,0
2,0,1,45.99,3,20,0,0,0
1,1,1,128.98,5,10,1,0,0
2,0,1,52.49,1,20,0,0,0
1,1,6,58.49,2,13,0,1,46.792
3,0,1,59.99,4,5,1,1,59.99
2,0,3,124.98,4,8,1,0,0
2,1,0,0,5,11,0,0,0
1,1,1,153.98,6,18,0,0,0
1,0,2,113.98,7,3,0,0,0
1,0,0,0,6,2,0,0,0
1,1,6,53.99,3,15,1,0,0
1,1,12,116.98,0,20,0,1,46.792
1,0,11,146.97,2,2,1,2,97.98
3,1,1,52.99,1,11,0,0,0
1,0,2,223.96,3,22,1,1,55.99
1,0,0,0,7,11,0,0,0
1,0,1,57.99,1,23,0,0,0
2,1,0,0,2,7,0,0,0
1,0,6,200.97,0,8,0,0,0
1,1,1,145.98,7,5,1,0,0
3,0,2,56.99,1,20,1,1,56.99
3,1,0,0,5,19,0,0,0
5,0,0,0,0,26,0,0,0
1,0,0,0,2,15,0,0,0
4,1,0,0,3,20,0,0,0
1,1,2,54.49,6,16,1,0,0
1,0,0,0,2,9,0,0,0
4,1,2,61.99,4,3,0,0,0
3,1,9,62.99,7,29,0,0,0
2,1,7,133.98,0,16,1,0,0
1,1,4,127.98,1,16,0,0,0
1,0,1,115.98,5,16,1,0,0
1,0,4,50.99,5,13,0,0,0
3,0,7,42.49,2,4,1,1,42.49
1,0,2,63.99,4,9,0,0,0
3,0,0,0,3,15,0,0,0
2,1,2,68.49,1,5,0,0,0
2,0,0,0,5,16,0,0,0
4,1,1,101.98,5,14,0,1,40.792
1,0,0,0,3,24,0,0,0
3,0,0,0,3,10,1,0,0
2,0,0,0,1,23,1,0,0
3,1,0,0,1,22,0,0,0
3,0,1,112.98,2,25,0,0,0
1,1,1,164.98,3,11,1,0,0
3,0,1,47.99,2,3,0,0,0
2,1,0,0,2,30,0,0,0
2,1,0,0,4,2,0,0,0
1,0,0,0,4,10,1,0,0
3,1,0,0,0,26,0,0,0
3,0,1,35.99,5,6,0,0,0
3,1,4,113.98,1,10,0,2,91.184
1,1,1,68.99,5,14,0,0,0
5,1,3,68.99,7,16,0,0,0
3,1,4,61.49,4,10,0,0,0
1,1,2,72.49,0,21,0,1,57.992
1,0,0,0,6,23,0,0,0
1,1,0,0,7,5,0,0,0
3,0,5,108.98,5,17,0,0,0
2,1,1,105.98,5,7,1,0,0
2,1,1,97.98,4,12,0,0,0
3,1,0,0,1,11,0,0,0
3,1,1,70.49,7,24,0,0,0
2,0,0,0,6,14,0,0,0
3,1,4,119.97,3,3,0,0,0
1,0,0,0,0,9,0,0,0
1,1,18,105.98,2,20,0,1,42.392
1,0,0,0,5,2,0,0,0
3,0,2,61.99,2,11,0,0,0
3,0,2,135.98,5,18,0,0,0
4,0,0,0,0,19,0,0,0
3,1,3,65.99,1,31,0,0,0
2,1,2,55.99,5,23,0,0,0
1,1,3,55.49,1,17,0,0,0
3,1,0,0,4,18,0,0,0
3,1,3,85.99,0,1,1,2,137.584
2,0,2,64.99,0,8,0,0,0
1,0,0,0,3,14,0,0,0
2,1,0,0,4,18,0,0,0
2,1,0,0,5,1,0,0,0
3,1,1,65.49,1,15,0,0,0
2,0,8,63.49,4,21,0,0,0
3,0,8,66.99,0,14,0,0,0
1,1,0,0,4,13,0,0,0
2,1,12,48.49,0,3,0,2,77.584
2,0,7,59.99,4,2,1,2,119.98
5,0,1,109.98,5,4,0,0,0
3,0,1,57.49,0,10,0,0,0
3,0,5,220.47,4,10,0,0,0
2,0,3,55.49,5,21,0,0,0
2,1,6,67.99,0,1,1,0,0
2,0,1,117.98,7,5,1,0,0
1,1,1,145.47,6,4,0,0,0
2,0,1,62.49,2,6,0,0,0
3,0,0,0,4,15,0,0,0
3,0,10,163.98,0,19,1,1,81.99
3,0,0,0,6,18,0,0,0
4,1,1,71.49,0,12,0,0,0
1,0,1,143.97,6,9,1,0,0
3,0,0,0,6,17,0,0,0
3,1,0,0,1,9,0,0,0
2,0,2,67.99,0,10,0,1,67.99
3,1,0,0,3,20,0,0,0
2,1,2,129.98,2,3,1,0,0
1,0,1,52.49,2,10,0,0,0
3,1,1,44.49,6,25,0,0,0
1,1,8,64.99,6,2,0,0,0
3,0,0,0,5,11,0,0,0
1,0,0,0,4,17,0,0,0
1,0,0,0,3,12,1,0,0
1,1,0,0,2,7,0,0,0
1,0,4,51.99,4,14,0,0,0
1,0,4,55.99,2,10,0,0,0
1,0,4,95.98,3,8,1,0,0
2,1,4,55.49,6,4,0,0,0
1,0,10,173.97,2,8,0,0,0
3,0,0,0,7,8,0,0,0
5,0,0,0,4,12,0,0,0
2,0,0,0,5,24,0,0,0
3,1,3,151.98,0,21,0,0,0
1,1,2,72.99,2,2,1,0,0
3,1,3,125.98,1,11,0,1,50.392
3,1,1,57.99,1,1,1,0,0
3,1,0,0,2,4,0,0,0
3,0,4,55.99,1,20,1,3,167.97
3,1,22,54.99,1,21,0,0,0
1,0,0,0,6,5,0,0,0
3,0,7,88.98,1,12,0,0,0
1,0,0,0,5,21,1,0,0
3,0,3,115.98,7,16,1,1,57.99
1,1,1,54.49,1,18,0,0,0
1,0,0,0,0,17,0,0,0
2,0,1,63.99,0,23,1,1,63.99
1,1,0,0,6,3,0,0,0
1,0,3,65.99,7,25,0,0,0
1,0,3,53.99,6,10,1,0,0
1,0,6,63.99,3,20,0,0,0
1,0,0,0,0,2,1,0,0
1,0,0,0,6,5,0,0,0
1,1,0,0,2,21,0,0,0
2,1,1,143.98,5,11,1,1,57.592
2,0,4,41.99,0,11,0,0,0
5,1,0,0,3,7,1,0,0
2,1,0,0,0,9,0,0,0
2,0,1,60.99,4,3,0,0,0
3,0,4,74.99,2,18,0,1,74.99
1,0,0,0,3,26,0,0,0
2,0,2,57.99,0,10,0,0,0
3,0,0,0,1,14,0,0,0
3,1,7,55.99,2,22,1,1,44.792
3,1,5,75.49,7,15,0,0,0
2,1,0,0,0,24,0,0,0
3,0,1,54.99,4,18,0,0,0
1,0,3,52.49,0,20,0,0,0
2,1,1,83.98,5,1,0,0,0
2,1,2,135.98,0,11,0,0,0
5,1,0,0,2,29,0,1,49.592
3,0,5,125.98,6,13,0,0,0
2,0,9,60.49,5,10,0,2,120.98
3,0,4,60.99,6,16,0,0,0
1,1,4,99.98,6,10,0,0,0
5,1,2,69.49,6,5,0,0,0
3,1,2,149.98,4,18,0,0,0
4,0,1,43.99,3,22,0,0,0
1,0,6,68.99,2,18,1,0,0
3,1,1,107.98,0,11,0,0,0
3,0,3,58.99,0,8,1,0,0
1,0,0,0,5,15,0,0,0
2,0,14,51.99,0,8,0,1,51.99
4,1,9,54.99,0,8,0,0,0
1,1,6,55.49,2,10,0,0,0
2,1,1,56.49,4,12,0,0,0
1,1,3,53.99,5,24,1,0,0
1,1,3,53.49,0,8,0,0,0
2,0,0,0,6,21,0,0,0
3,0,0,0,7,2,0,0,0
3,1,4,145.98,5,22,0,0,0
1,0,0,0,2,20,1,0,0
1,1,8,226.47,4,16,0,0,0
2,1,2,51.99,5,9,1,0,0
2,0,4,71.49,5,11,1,0,0
3,1,0,0,3,3,0,0,0
3,1,2,215.97,0,17,0,0,0
1,1,7,48.99,5,20,0,1,39.192
1,1,0,0,0,11,0,0,0
3,1,3,49.99,0,20,0,0,0
2,0,1,62.99,7,2,0,0,0
2,0,1,57.49,0,24,1,1,57.49
3,1,3,87.99,6,11,0,0,0
1,1,6,58.99,4,11,0,0,0
3,1,3,68.99,0,17,0,0,0
2,0,2,69.99,0,20,0,1,69.99
3,1,0,0,4,21,0,0,0
1,1,3,209.97,5,24,0,1,55.992
5,1,5,126.98,4,23,0,1,50.792
3,0,2,60.49,7,20,1,0,0
3,0,4,47.99,5,15,0,0,0
4,0,2,59.99,2,13,1,0,0
3,0,0,0,5,19,0,0,0
2,0,3,60.99,2,23,0,0,0
2,1,7,36.99,6,3,1,1,29.592
1,1,1,105.98,1,16,1,0,0
1,0,1,66.99,5,12,0,1,66.99
1,1,1,65.99,4,13,0,0,0
5,0,1,58.99,2,16,0,0,0
3,0,7,126.98,0,22,0,0,0
1,1,0,0,5,12,0,0,0
1,1,4,43.99,6,16,0,0,0
1,1,2,79.99,0,17,0,0,0
1,0,0,0,2,18,0,0,0
3,0,1,70.49,1,9,0,0,0
3,1,0,0,5,3,1,0,0
2,1,5,131.98,1,3,1,0,0
3,0,0,0,5,13,0,0,0
3,1,3,137.98,4,27,0,0,0
1,1,5,55.99,5,13,0,0,0
1,0,1,56.99,4,7,0,0,0
2,1,1,77.99,1,12,0,0,0
1,0,1,44.49,1,13,0,0,0
3,1,0,0,3,12,0,0,0
1,0,0,0,1,11,1,0,0
1,0,11,57.49,3,12,0,1,57.49
3,0,0,0,2,24,1,0,0
1,0,2,66.49,2,10,0,0,0
2,0,1,124.98,6,19,0,0,0
3,0,0,0,4,2,0,0,0
3,0,2,110.98,1,8,0,0,0
3,1,4,51.49,4,17,0,0,0
1,1,0,0,3,24,1,1,46.792
4,1,12,123.98,0,18,1,2,99.184
1,1,0,0,1,11,1,0,0
1,0,0,0,6,25,0,0,0
3,0,1,74.99,0,13,1,0,0
3,0,2,34.49,2,15,0,0,0
4,1,1,58.49,5,15,0,0,0
3,0,1,167.97,1,1,0,0,0
4,1,0,0,5,14,0,0,0
2,1,6,241.47,3,4,1,0,0
3,0,2,105.98,4,1,1,0,0
2,0,1,73.99,7,11,0,0,0
3,0,2,56.99,2,17,1,0,0
4,0,0,0,4,11,1,0,0
3,0,2,67.99,0,14,1,1,67.99
3,1,8,64.49,4,21,1,1,51.592
2,1,3,58.99,5,20,1,0,0
1,0,1,185.97,0,6,0,0,0
1,0,1,61.99,1,4,1,0,0
2,0,1,62.99,0,25,1,0,0
1,1,0,0,5,20,0,0,0
2,1,3,74.99,6,15,0,0,0
1,0,7,175.47,5,6,0,0,0
2,1,9,93.98,4,10,0,0,0
2,0,0,0,1,8,1,0,0
1,1,1,65.49,7,13,0,0,0
3,1,0,0,5,11,0,0,0
1,1,4,65.99,4,20,1,0,0
2,0,0,0,4,16,0,0,0
3,1,1,105.98,2,17,0,0,0
1,1,0,0,6,3,0,0,0
3,1,4,77.49,0,19,0,0,0
1,0,2,72.49,7,14,0,0,0
2,0,3,57.99,7,12,0,0,0
3,1,3,46.99,4,14,0,0,0
1,0,6,60.99,4,12,0,0,0
1,1,6,63.99,0,23,0,0,0
3,0,0,0,5,7,0,0,0
3,1,3,115.98,5,15,0,0,0
1,0,1,50.99,4,14,1,0,0
1,1,0,0,6,17,0,0,0
1,0,5,57.99,0,10,0,0,0
3,0,3,74.49,5,12,1,1,74.49
1,0,0,0,2,16,1,0,0
1,1,3,59.99,1,15,1,0,0
5,0,5,114.98,6,10,0,0,0
3,0,0,0,3,15,0,0,0
3,1,2,51.99,1,26,0,1,41.592
4,1,0,0,3,6,0,0,0
1,1,4,136.98,0,14,0,0,0
3,1,1,68.99,6,14,0,0,0
1,0,1,58.99,0,14,1,0,0
1,0,1,56.99,2,16,0,0,0
2,0,4,68.49,4,19,1,0,0
5,1,1,147.98,1,18,1,1,59.192
2,0,7,72.99,0,18,0,0,0
1,0,2,93.98,1,18,0,0,0
4,1,2,58.49,2,16,0,0,0
2,0,4,56.99,4,7,0,0,0
2,0,1,63.49,2,12,1,0,0
3,0,0,0,1,22,0,0,0
4,1,2,156.98,0,19,0,0,0
3,1,2,203.96,5,8,0,0,0
1,1,0,0,0,18,1,0,0
3,1,4,72.99,0,16,0,0,0
3,0,1,72.49,2,15,0,0,0
3,1,1,45.99,4,8,0,0,0
1,0,1,52.99,3,15,1,1,52.99
3,1,0,0,3,2,0,0,0
1,0,3,54.99,7,11,0,0,0
1,1,5,65.99,6,23,0,0,0
1,1,0,0,4,20,0,0,0
3,0,0,0,7,20,0,0,0
1,0,3,73.49,2,19,0,0,0
3,1,0,0,4,19,0,0,0
3,1,2,62.49,1,8,0,0,0
3,0,0,0,1,12,0,0,0
2,0,0,0,2,11,1,0,0
1,0,1,215.97,2,16,0,0,0
1,1,1,56.99,3,4,0,0,0
2,0,1,47.99,1,1,0,0,0
3,0,7,46.49,6,14,0,0,0
2,0,2,164.97,6,1,1,0,0
2,0,6,56.99,5,21,1,2,113.98
3,0,1,70.49,2,5,0,0,0
3,0,4,62.99,6,20,0,0,0
3,1,0,0,3,19,0,0,0
3,0,2,190.47,5,19,0,0,0
3,0,0,0,1,16,0,0,0
1,0,1,61.49,3,16,1,0,0
4,1,5,70.99,7,19,0,0,0
3,0,2,57.49,6,16,0,0,0
3,0,10,36.99,3,14,0,0,0
1,1,2,67.99,4,12,1,1,54.392
1,1,4,109.98,6,19,0,0,0
2,0,2,47.49,6,2,1,0,0
1,1,0,0,5,28,0,0,0
1,0,0,0,5,17,0,0,0
4,0,5,107.98,1,15,0,0,0
2,0,5,148.98,7,18,1,0,0
3,1,1,131.98,3,4,0,0,0
1,1,9,63.99,4,3,0,0,0
3,0,1,124.98,0,8,1,0,0
3,0,3,71.49,1,20,0,0,0
1,0,2,42.99,3,18,0,0,0
3,1,0,0,6,12,0,0,0
1,1,0,0,3,18,1,0,0
1,1,1,64.49,5,23,0,0,0
3,0,4,65.99,2,16,1,0,0
1,1,4,62.99,4,22,0,0,0
1,0,0,0,6,5,1,0,0
3,1,1,48.99,0,23,1,0,0
3,1,1,120.98,0,12,0,0,0
2,0,7,57.99,5,20,0,0,0
2,1,1,37.49,3,23,1,1,29.992
2,0,4,37.49,0,16,0,1,37.49
1,0,0,0,4,15,0,0,0
2,0,1,105.98,4,14,1,0,0
1,1,0,0,0,17,0,0,0
3,0,2,46.99,5,27,0,0,0
3,0,0,0,2,1,0,0,0
1,0,2,131.98,0,21,0,0,0
1,1,0,0,4,13,0,0,0
3,1,0,0,0,2,1,0,0
3,0,10,65.49,7,15,0,0,0
5,0,0,0,0,11,0,0,0
2,0,3,55.49,0,24,0,0,0
1,1,3,77.49,7,10,0,0,0
1,0,13,59.99,4,16,1,2,119.98
1,1,0,0,4,9,1,0,0
1,0,2,62.49,0,3,1,0,0
1,0,5,41.99,3,12,0,0,0
1,0,6,55.99,0,22,0,0,0
1,0,1,68.99,3,12,0,0,0
2,1,0,0,4,8,1,0,0
3,0,0,0,2,25,1,0,0
3,0,0,0,2,13,0,0,0
1,1,0,0,5,23,0,0,0
2,0,2,60.99,1,20,0,1,60.99
1,1,2,63.49,5,5,0,0,0
3,0,0,0,6,4,1,0,0
1,1,1,74.99,2,2,0,0,0
1,1,6,76.49,1,10,0,0,0
1,1,1,132.98,5,14,0,0,0
1,1,0,0,3,7,0,0,0
1,0,1,67.99,3,18,0,0,0
1,0,0,0,0,12,0,0,0
1,0,0,0,4,19,1,0,0
2,1,0,0,7,6,1,0,0
2,1,13,66.99,6,25,0,2,107.184
1,1,3,58.49,5,4,0,0,0
3,1,1,173.97,0,15,1,1,46.392
4,0,2,76.99,2,9,0,0,0
2,1,1,107.97,0,20,0,0,0
1,0,2,52.49,4,9,0,0,0
3,1,11,143.97,6,12,0,0,0
1,0,0,0,0,9,0,0,0
3,1,1,75.49,0,18,0,0,0
1,1,0,0,1,8,1,0,0
2,1,2,75.99,7,13,0,0,0
5,0,4,66.49,3,14,0,0,0
1,1,0,0,7,22,0,0,0
3,0,3,55.49,4,18,1,0,0
1,1,1,50.49,5,14,0,0,0
1,0,3,66.49,1,24,1,1,66.49
4,1,2,53.99,3,20,0,0,0
2,0,3,79.98,6,7,0,0,0
2,1,2,69.99,1,7,0,0,0
1,1,1,73.99,4,13,0,0,0
3,0,3,75.49,7,1,1,0,0
2,1,3,47.49,6,2,1,0,0
1,0,2,46.49,7,19,0,0,0
3,0,1,52.99,4,14,1,0,0
1,0,0,0,5,8,0,0,0
1,1,0,0,1,16,0,0,0
2,1,5,56.99,5,15,0,0,0
1,1,2,60.99,1,1,0,0,0
1,1,3,62.49,1,16,0,0,0
3,1,3,114.98,1,18,0,0,0
2,0,11,187.47,7,10,0,0,0
1,1,2,58.99,3,7,1,0,0
3,1,1,41.99,5,22,0,0,0
3,0,4,59.49,2,26,1,0,0
3,1,1,52.99,2,20,0,0,0
1,1,1,47.99,0,1,0,0,0
2,1,19,137.97,1,2,0,0,0
1,1,2,62.99,4,14,0,0,0
1,1,0,0,2,23,0,0,0
2,0,2,79.49,2,10,1,0,0
1,1,4,62.99,2,5,0,1,50.392
3,0,0,0,4,22,0,0,0
1,0,0,0,5,22,0,0,0
3,1,0,0,5,20,0,0,0
2,0,2,113.98,5,16,0,0,0
1,0,2,44.99,2,11,1,0,0
2,0,0,0,4,6,0,0,0
3,0,2,115.98,5,19,0,0,0
2,0,1,137.98,0,17,1,0,0
1,0,3,63.49,5,15,0,0,0
3,0,2,47.49,0,19,0,0,0
2,0,1,135.98,4,2,1,0,0
3,1,2,64.99,7,3,0,0,0
2,0,3,59.99,5,13,0,0,0
2,0,0,0,0,9,0,0,0
3,1,0,0,7,10,0,0,0
1,0,0,0,1,13,0,0,0
3,1,1,51.49,5,20,0,0,0
5,1,4,47.99,0,2,0,0,0
5,0,4,73.99,3,15,0,0,0
3,1,5,61.99,1,13,0,0,0
3,1,0,0,6,21,0,0,0
1,0,3,133.98,2,4,1,0,0
2,1,0,0,5,16,0,0,0
2,1,3,54.99,3,15,1,1,43.992
3,0,0,0,2,8,0,0,0
2,1,4,66.99,4,21,0,0,0
3,1,4,57.49,0,12,0,0,0
2,1,1,130.98,2,10,1,0,0
3,0,0,0,0,14,0,0,0
3,0,0,0,2,6,0,0,0
3,0,5,73.99,7,23,1,0,0
1,0,2,47.99,2,18,0,0,0
3,1,3,58.49,3,11,0,0,0
1,0,4,69.99,1,4,0,0,0
3,1,4,137.98,6,19,0,0,0
1,0,3,71.49,5,11,0,0,0
3,1,1,52.99,5,18,1,0,0
2,0,1,61.99,5,18,0,0,0
1,0,6,170.97,6,25,0,0,0
3,1,0,0,0,30,1,2,101.584
1,1,0,0,0,18,0,0,0
3,1,2,48.99,0,25,0,0,0
1,1,3,119.98,5,7,1,0,0
3,0,5,58.49,4,20,1,0,0
1,1,3,63.99,7,6,0,0,0
3,1,0,0,0,15,0,1,53.592
1,0,1,61.99,1,8,0,0,0
1,1,4,120.98,0,11,0,0,0
2,0,0,0,5,5,1,0,0
1,1,0,0,7,18,0,0,0
2,1,0,0,4,15,1,0,0
3,1,1,72.99,5,19,1,1,58.392
4,0,2,47.99,4,15,1,1,47.99
1,0,0,0,1,11,0,0,0
4,1,1,71.99,0,27,0,0,0
1,1,2,70.49,0,18,1,0,0
2,1,1,63.99,1,6,0,0,0
1,0,5,61.99,5,2,1,0,0
1,1,4,56.99,1,14,1,1,45.592
3,1,0,0,0,24,0,0,0
1,0,2,68.99,0,2,0,0,0
1,0,1,50.99,4,14,1,0,0
1,1,3,50.99,2,21,0,0,0
3,0,1,190.47,1,17,1,0,0
3,1,2,122.97,2,14,0,0,0
1,0,0,0,3,14,0,0,0
2,1,2,154.47,5,20,0,0,0
5,0,0,0,1,17,1,1,45.99
3,1,0,0,6,21,0,0,0
1,0,0,0,6,20,1,0,0
3,1,0,0,5,18,0,0,0
3,1,0,0,6,22,0,0,0
1,1,0,0,1,18,0,0,0
1,0,0,0,0,25,0,0,0
2,1,5,68.99,7,7,0,0,0
1,1,2,136.98,7,18,1,0,0
3,0,0,0,5,10,0,0,0
1,0,2,135.98,2,3,1,0,0
1,1,2,79.49,7,12,0,0,0
2,1,4,57.99,4,13,0,0,0
3,0,11,69.99,3,3,1,2,139.98
3,0,2,99.98,7,8,0,0,0
2,1,1,119.98,0,13,0,0,0
2,0,6,76.49,6,27,0,1,76.49
2,1,5,123.98,1,9,0,0,0
1,1,2,57.99,1,24,0,0,0
3,0,3,72.49,1,24,0,0,0
1,0,1,58.99,0,6,0,0,0
3,1,5,46.99,1,16,0,0,0
1,1,3,152.98,1,17,0,0,0
4,0,5,123.98,2,6,0,0,0
4,0,0,0,4,14,1,0,0
3,1,0,0,4,16,0,0,0
2,1,1,134.98,6,18,0,0,0
1,1,1,69.99,4,1,0,0,0
1,0,4,65.99,3,18,0,0,0
3,0,6,68.49,5,3,0,0,0
2,0,7,49.99,1,18,0,0,0
3,0,0,0,0,3,0,0,0
1,0,5,61.99,0,19,0,0,0
2,0,6,78.99,6,1,1,0,0
1,1,1,54.99,5,5,1,0,0
2,0,19,119.98,4,19,0,0,0
3,0,0,0,4,18,1,0,0
1,0,5,103.98,0,16,0,0,0
1,1,1,149.97,2,6,0,0,0
1,1,0,0,6,12,0,0,0
3,1,3,170.97,2,23,1,0,0
4,0,0,0,0,13,0,0,0
1,0,1,53.99,5,8,0,0,0
3,0,2,53.99,6,17,0,0,0
1,1,0,0,4,22,1,0,0
3,1,3,73.99,5,13,0,0,0
1,0,1,67.49,1,15,0,0,0
1,0,9,48.99,6,7,1,0,0
2,1,2,62.99,0,11,0,0,0
1,0,5,108.98,1,24,1,0,0
1,0,6,66.99,1,26,1,0,0
1,0,0,0,3,17,0,0,0
3,0,1,61.99,0,21,0,0,0
1,1,4,54.99,5,6,1,0,0
2,0,2,70.99,4,16,0,0,0
5,0,4,47.99,0,21,0,0,0
2,0,3,69.49,0,19,0,0,0
1,0,1,36.99,4,4,1,0,0
3,0,8,71.49,7,26,0,0,0
4,0,0,0,1,5,1,0,0
2,1,1,62.49,2,12,0,0,0
1,0,3,60.49,5,11,0,0,0
1,1,0,0,1,9,0,0,0
2,0,0,0,3,2,0,0,0
1,0,2,141.98,7,20,0,0,0
3,0,0,0,0,19,1,1,35.99
2,1,2,69.99,5,6,0,0,0
3,0,6,70.99,7,22,0,0,0
2,0,2,76.99,3,15,1,0,0
1,0,6,44.49,0,17,0,0,0
3,0,6,66.49,1,11,0,0,0
1,0,1,109.98,6,7,1,0,0
4,0,2,67.99,1,16,1,0,0
1,0,0,0,6,5,1,0,0
1,1,2,55.99,4,11,0,0,0
2,0,0,0,5,20,0,0,0
1,1,0,0,6,1,0,0,0
2,0,7,147.98,6,21,1,0,0
3,1,0,0,0,14,1,0,0
1,1,1,70.49,2,17,0,0,0
2,0,1,103.98,4,13,0,0,0
3,0,6,55.99,4,9,0,0,0
3,0,0,0,3,20,0,0,0
1,1,0,0,3,31,0,0,0
3,0,1,61.99,6,21,0,0,0
2,1,2,131.98,3,16,0,0,0
3,1,2,70.99,5,15,0,0,0
1,0,0,0,7,13,0,0,0
1,1,4,64.49,5,15,0,0,0
3,1,3,130.98,7,13,0,0,0
1,0,6,185.97,5,7,0,0,0
3,0,9,181.47,3,13,0,0,0
3,0,0,0,4,16,0,0,0
2,0,1,67.99,0,23,0,0,0
1,1,0,0,5,4,1,0,0
2,1,1,82.49,2,14,0,0,0
4,1,0,0,0,22,1,0,0
1,0,0,0,7,18,0,0,0
2,1,0,0,1,4,1,0,0
2,1,0,0,0,18,0,0,0
1,1,0,0,1,11,1,0,0
1,1,1,70.99,0,22,0,0,0
3,0,1,62.99,5,22,0,0,0
1,0,3,62.99,3,22,1,0,0
3,1,2,74.99,1,26,1,0,0
3,1,0,0,2,22,0,0,0
1,1,16,215.97,4,17,0,0,0
2,0,0,0,1,1,1,0,0
1,1,13,143.98,1,19,0,0,0
3,1,0,0,0,16,0,0,0
1,0,0,0,1,10,0,0,0
2,1,1,153.98,2,7,1,1,61.592
3,1,0,0,6,17,0,0,0
2,0,7,72.99,7,13,1,0,0
1,1,0,0,7,8,0,0,0
3,1,0,0,2,19,0,1,46.792
3,0,1,118.98,6,16,0,0,0
1,1,1,118.98,4,17,0,0,0
3,1,4,55.49,2,24,0,0,0
1,1,0,0,4,17,0,0,0
5,1,1,51.99,7,13,0,0,0
3,0,2,93.98,4,3,0,0,0
1,1,0,0,5,18,1,0,0
2,1,1,58.99,2,19,0,0,0
2,0,0,0,5,11,0,0,0
2,0,3,59.99,6,7,0,0,0
3,1,0,0,6,15,1,1,42.392
1,0,2,70.99,5,9,0,0,0
1,1,8,50.99,0,24,0,0,0
3,1,3,73.49,6,17,0,0,0
1,0,9,139.98,6,20,0,0,0
1,0,1,55.99,0,17,0,1,55.99
2,1,4,40.49,0,26,0,0,0
3,1,3,81.99,4,16,0,1,65.592
1,1,0,0,7,6,0,0,0
3,1,5,74.99,0,9,0,0,0
2,0,2,51.49,1,10,1,0,0
4,0,2,65.49,3,13,0,0,0
3,1,6,185.97,4,16,0,0,0
2,1,9,46.99,2,2,1,1,37.592
2,0,0,0,4,18,0,0,0
1,1,0,0,4,19,1,0,0
1,0,0,0,5,1,1,0,0
2,0,1,136.98,6,28,0,0,0
3,1,5,55.49,2,22,1,0,0
2,0,0,0,1,13,0,0,0
2,1,7,61.49,4,11,0,1,49.192
1,1,4,57.99,2,11,0,0,0
1,1,3,118.98,0,16,1,0,0
1,1,3,140.98,0,14,0,0,0
1,0,1,52.99,5,24,1,0,0
3,0,8,57.99,4,3,0,0,0
3,0,3,69.99,2,18,0,0,0
2,1,4,120.98,5,4,1,0,0
2,1,0,0,3,12,0,0,0
4,1,1,61.49,4,14,0,0,0
2,1,5,67.99,1,13,0,1,54.392
2,1,5,82.99,5,6,0,0,0
2,0,0,0,1,9,0,0,0
3,0,0,0,6,4,0,0,0
2,0,3,67.49,2,20,0,0,0
2,1,3,68.49,4,17,0,0,0
1,0,3,61.99,2,11,0,0,0
4,1,0,0,5,26,1,0,0
3,0,1,51.49,1,24,0,0,0
2,1,1,71.99,3,3,1,0,0
1,0,2,63.49,6,7,0,0,0
2,1,0,0,0,15,1,0,0
3,0,0,0,5,18,0,0,0
3,0,1,63.49,4,24,0,0,0
1,0,0,0,5,18,0,0,0
1,1,0,0,1,16,1,0,0
2,1,1,100.98,6,19,0,0,0
3,0,3,119.98,0,14,0,0,0
2,0,7,66.49,5,12,0,0,0
1,1,0,0,1,16,1,0,0
1,0,0,0,3,17,0,0,0
3,1,0,0,4,8,0,0,0
2,1,3,59.99,6,18,0,0,0
1,1,3,139.98,1,2,1,0,0
1,1,0,0,1,14,0,0,0
2,0,3,47.99,2,17,0,0,0
1,0,0,0,2,21,0,0,0
1,1,1,133.98,2,4,0,0,0
3,1,3,119.98,0,17,0,1,47.992
1,1,4,68.99,6,12,1,1,55.192
3,1,1,52.99,0,20,0,0,0
1,1,1,223.47,6,11,0,0,0
2,0,0,0,2,4,0,0,0
2,1,1,52.99,4,19,1,0,0
1,1,13,67.99,2,10,0,2,108.784
1,1,0,0,2,15,0,0,0
1,1,1,70.49,6,21,0,0,0
3,0,0,0,0,9,1,0,0
1,0,3,227.97,3,16,0,0,0
3,1,0,0,1,25,0,1,55.592
1,1,6,83.99,1,13,0,0,0
3,1,0,0,6,25,0,0,0
3,0,1,74.99,5,22,1,0,0
2,0,0,0,4,20,0,0,0
2,1,0,0,0,8,1,0,0
2,0,2,43.99,7,13,1,0,0
1,1,3,151.98,4,20,0,0,0
1,0,0,0,1,22,1,0,0
4,0,2,89.98,6,16,1,1,44.99
1,0,7,64.99,5,19,0,0,0
3,0,0,0,1,22,0,0,0
3,0,1,56.49,5,10,1,0,0
1,0,2,63.99,0,21,0,0,0
2,0,0,0,6,14,1,0,0
4,0,2,68.99,2,15,0,0,0
2,0,0,0,4,20,0,0,0
2,0,1,101.98,4,20,0,0,0
1,0,4,70.99,2,11,0,0,0
1,1,5,105.98,3,13,1,0,0
3,0,5,46.49,6,15,0,0,0
1,1,0,0,4,19,1,0,0
3,1,11,138.98,2,20,1,2,111.184
1,1,1,62.99,6,9,0,0,0
1,1,3,56.49,2,18,1,0,0
3,1,0,0,4,15,0,0,0
1,1,0,0,5,12,0,0,0
2,0,1,65.99,1,25,0,0,0
3,0,0,0,5,18,1,1,55.99
3,0,3,226.47,0,16,0,1,75.49
1,1,2,47.99,5,1,0,0,0
3,1,1,61.99,0,16,1,0,0
2,1,6,86.99,5,14,0,0,0
2,0,1,72.98,2,2,0,0,0
3,1,9,68.99,5,15,0,1,55.192
2,0,7,52.99,2,18,0,4,211.96
1,1,0,0,5,17,1,0,0
2,1,0,0,1,3,0,0,0
2,0,3,46.49,3,16,0,0,0
1,0,1,55.49,0,1,1,0,0
3,1,1,50.99,5,19,0,1,40.792
3,0,4,52.99,1,16,0,0,0
2,0,4,149.97,0,1,1,0,0
1,1,0,0,3,3,0,0,0
2,1,1,34.49,2,21,0,0,0
2,1,4,61.49,6,13,0,0,0
3,1,2,61.49,5,17,0,0,0
1,0,14,62.99,7,10,1,1,62.99
3,0,7,71.99,4,3,0,0,0
1,1,2,123.98,7,18,0,0,0
1,0,0,0,6,17,1,0,0
1,0,0,0,5,16,0,0,0
1,1,1,105.98,0,4,0,0,0
3,1,2,55.99,3,9,1,1,44.792
3,0,3,165.98,4,26,0,0,0
1,0,11,63.49,1,3,1,2,126.98
3,0,0,0,3,5,0,0,0
1,1,3,46.99,2,16,0,0,0
3,1,5,51.99,4,9,0,0,0
2,1,0,0,5,11,1,0,0
3,0,0,0,3,15,0,0,0
2,1,1,117.98,3,1,0,0,0
3,0,0,0,4,18,0,0,0
1,0,5,60.99,5,11,1,2,121.98
2,0,0,0,7,13,1,0,0
3,1,0,0,6,14,0,0,0
3,1,2,119.98,0,16,0,0,0
3,0,5,74.99,5,5,1,0,0
4,0,1,125.98,0,18,0,0,0
1,1,3,83.98,2,16,0,0,0
3,0,2,100.98,1,11,1,0,0
1,0,2,60.99,0,1,1,0,0
1,0,0,0,7,15,0,0,0
3,1,0,0,4,4,0,0,0
3,1,0,0,3,18,0,0,0
3,1,0,0,1,19,1,0,0
1,0,2,47.49,4,3,0,0,0
1,1,1,149.98,2,15,1,0,0
1,1,1,134.98,2,21,0,0,0
1,0,0,0,7,6,0,0,0
1,1,0,0,1,9,1,0,0
1,1,4,61.99,3,1,1,0,0
1,1,1,119.98,7,18,0,0,0
1,0,0,0,2,11,0,0,0
1,0,1,69.99,3,9,1,0,0
1,1,1,48.99,4,11,0,0,0
2,0,4,41.49,5,13,0,0,0
2,1,0,0,5,1,0,0,0
1,0,1,56.99,0,11,0,1,56.99
3,0,7,55.99,5,12,0,0,0
2,1,0,0,2,15,0,0,0
1,1,0,0,5,15,0,0,0
3,0,4,187.47,3,14,0,0,0
1,0,0,0,4,18,1,0,0
2,0,2,62.49,5,11,1,0,0
1,0,6,77.49,7,19,0,0,0
3,0,4,111.98,6,16,0,0,0
1,1,2,52.99,3,20,0,0,0
3,0,2,60.99,1,17,1,0,0
1,0,1,66.99,0,19,0,0,0
3,0,5,56.49,5,23,1,1,56.49
2,1,2,64.49,2,6,0,0,0
1,0,2,49.99,1,28,0,0,0
3,0,0,0,1,14,0,0,0
3,0,9,64.99,6,12,0,1,64.99
1,0,0,0,4,4,1,0,0
1,0,0,0,2,22,0,0,0
3,1,0,0,2,17,0,1,43.992
1,0,2,47.49,5,19,1,0,0
3,0,2,67.99,4,14,0,0,0
1,1,3,52.99,4,25,1,0,0
2,1,0,0,1,13,0,0,0
1,0,0,0,5,14,0,0,0
3,0,3,106.98,1,3,0,0,0
1,0,11,97.98,4,14,1,1,48.99
2,0,2,50.99,0,16,1,0,0
2,0,4,37.99,2,15,0,1,37.99
1,0,5,115.98,7,4,1,0,0
4,1,1,56.99,5,13,0,0,0
3,0,0,0,2,16,0,1,56.99
1,0,0,0,0,16,0,0,0
1,0,0,0,0,12,0,0,0
1,0,5,185.97,4,18,0,0,0
1,0,0,0,1,25,0,0,0
1,0,0,0,1,19,0,0,0
4,1,2,65.99,3,2,1,1,52.792
5,1,2,59.99,0,16,0,1,47.992
3,0,1,119.98,0,11,1,1,59.99
3,1,0,0,1,21,0,0,0
2,0,0,0,0,24,0,0,0
1,1,1,101.98,0,17,0,0,0
4,0,5,66.49,4,14,0,0,0
1,0,0,0,6,17,0,0,0
2,0,0,0,7,18,1,1,65.99
1,1,0,0,5,3,0,0,0
3,1,2,67.99,1,25,0,0,0
2,0,1,45.99,0,24,0,0,0
2,0,0,0,5,1,0,0,0
3,1,1,73.99,7,13,1,0,0
1,1,0,0,0,9,0,0,0
3,0,1,261.96,1,3,0,0,0
1,0,2,209.97,5,4,1,0,0
3,0,1,61.99,5,22,0,0,0
3,0,2,65.49,0,14,0,0,0
1,0,6,62.99,0,21,1,1,62.99
2,0,2,125.98,7,20,1,0,0
2,1,2,131.98,0,12,1,1,52.792
2,0,0,0,0,10,0,0,0
1,1,3,133.98,1,1,0,0,0
1,1,1,61.49,6,24,1,0,0
3,0,0,0,4,21,0,0,0
3,1,1,56.99,4,21,0,0,0
1,1,0,0,2,26,0,0,0
2,0,3,52.99,2,17,0,0,0
3,1,0,0,6,18,1,0,0
3,0,1,143.98,6,21,0,0,0
1,1,0,0,3,13,1,0,0
1,0,1,73.99,4,25,1,0,0
5,0,0,0,3,14,0,0,0
3,0,1,58.99,1,23,0,0,0
3,0,2,60.99,7,10,1,0,0
3,1,1,49.99,4,19,0,0,0
3,1,0,0,7,18,1,0,0
1,0,10,63.99,1,1,1,1,63.99
4,0,5,66.99,2,18,0,0,0
1,1,7,101.98,1,2,1,0,0
1,0,5,137.98,0,3,0,1,68.99
2,1,1,74.99,4,15,0,1,59.992
3,1,1,60.99,2,31,0,0,0
1,1,0,0,3,12,1,0,0
3,0,2,51.49,1,16,0,0,0
2,1,0,0,1,8,0,0,0
3,0,3,97.98,5,7,0,0,0
4,0,3,63.99,0,2,1,1,63.99
5,1,1,55.99,0,25,0,1,44.792
4,1,4,58.99,1,17,0,1,47.192
3,1,3,58.99,5,22,1,1,47.192
3,1,1,68.99,5,18,0,1,55.192
5,1,2,128.98,0,8,0,0,0
1,0,1,76.49,4,16,0,0,0
1,1,3,62.99,1,4,0,0,0
3,1,3,70.49,1,10,0,0,0
3,0,2,64.49,4,16,0,0,0
1,0,5,137.98,6,21,0,0,0
3,0,0,0,1,19,1,0,0
3,0,1,71.99,7,15,1,0,0
3,1,1,34.99,0,14,1,1,27.992
1,0,1,191.97,6,14,1,0,0
1,1,4,45.49,1,15,0,0,0
3,1,6,72.49,7,22,1,2,115.984
1,0,0,0,0,23,0,0,0
3,0,3,66.49,2,2,1,0,0
1,0,1,167.97,2,24,0,0,0
3,1,8,170.97,5,15,0,1,45.592
2,0,2,97.98,2,24,0,0,0
3,0,6,55.99,2,21,0,0,0
3,0,1,60.99,6,13,0,0,0
3,1,1,118.98,0,14,0,0,0
2,1,0,0,7,26,0,0,0
2,1,7,54.99,5,19,0,0,0
1,0,6,69.99,4,13,0,0,0
2,1,4,56.99,2,23,0,0,0
2,1,5,56.99,4,14,1,0,0
3,1,1,130.98,6,17,0,0,0
4,0,6,78.99,6,8,1,0,0
2,0,2,55.99,2,4,0,0,0
1,1,1,50.99,0,10,1,1,40.792
3,1,0,0,4,18,0,0,0
3,0,0,0,1,17,0,0,0
1,0,1,57.49,7,25,0,0,0
3,1,4,38.49,7,19,0,0,0
3,0,1,114.98,2,15,0,0,0
2,0,3,51.49,1,9,1,1,51.49
1,1,0,0,3,8,0,0,0
1,1,1,60.49,4,17,0,0,0
1,1,0,0,2,14,1,0,0
1,0,5,78.99,2,26,0,0,0